State,COVID-19 Deaths,Total Deaths,Percent of Expected Deaths,Pneumonia Deaths,Pneumonia and COVID-19 Deaths,Influenza Deaths,"Pneumonia, Influenza, or COVID-19 Deaths"
Alabama,0,1025,0.94,56,0,14,70
Alabama,0,1117,1.01,61,0,10,71
Alabama,0,1094,1.01,76,0,0,82
Alabama,0,1097,1.01,68,0,0,73
Alabama,0,1161,1.12,63,0,14,77
Alabama,0,1053,1.01,58,0,13,71
Alabama,0,1090,1.01,61,0,0,68
Alabama,0,1057,1.03,71,0,0,79
Alabama,23,1072,1.05,68,0,0,92
Alabama,49,1153,1.12,65,11,0,106
Alabama,81,1133,1.11,85,27,0,143
Alabama,89,1141,1.16,94,26,0,157
Alabama,83,1137,1.13,77,19,0,142
Alabama,81,1147,1.16,87,26,0,143
Alabama,116,1168,1.16,94,34,0,176
Alabama,94,1146,1.15,89,30,0,154
Alabama,79,1150,1.17,82,23,0,138
Alabama,103,1105,1.13,95,30,0,169
Alabama,90,1166,1.16,86,32,0,145
Alabama,81,1134,1.2,76,29,0,128
Alabama,88,1084,1.11,78,25,0,141
Alabama,102,1148,1.23,83,30,0,155
Alabama,120,1196,1.21,93,47,0,166
Alabama,133,1252,1.26,95,36,0,192
Alabama,191,1284,1.34,102,45,0,248
Alabama,247,1325,1.42,133,87,0,293
Alabama,261,1355,1.4,157,94,0,325
Alabama,261,1363,1.41,133,86,0,309
Alabama,228,1293,1.36,140,83,0,285
Alabama,207,1288,1.38,117,64,0,260
Alabama,181,1200,1.26,129,70,0,240
Alabama,153,1201,1.24,110,58,0,205
Alabama,136,1220,1.27,108,49,0,195
Alabama,136,1167,1.22,96,45,0,187
Alabama,103,1161,1.17,76,30,0,149
Alabama,107,1077,1.13,90,36,0,161
Alabama,132,1162,1.23,102,49,0,186
Alabama,118,1135,1.16,85,40,0,163
Alabama,111,1076,1.11,97,34,0,175
Alabama,117,1036,1.09,95,41,0,171
Alabama,124,1015,1.02,88,42,0,170
Alabama,107,880,0.85,86,41,0,152
Alabama,35,457,0.45,29,0,0,56
Alabama,,43,0.04,0,0,0,10
Alaska,0,85,0.95,0,0,0,
Alaska,0,92,1.23,,0,0,
Alaska,0,89,1.02,0,0,0,0
Alaska,0,83,1.02,,0,0,
Alaska,0,84,1,,0,0,
Alaska,0,79,0.92,,0,0,
Alaska,0,92,1.09,,0,0,
Alaska,0,69,0.87,,0,0,
Alaska,,85,0.99,10,0,0,11
Alaska,,98,1.13,,0,0,
Alaska,,83,0.96,,0,0,
Alaska,,80,1.03,,0,0,
Alaska,0,61,0.78,,0,0,
Alaska,0,87,0.98,,0,0,
Alaska,,89,1.14,,0,0,
Alaska,0,83,1.08,,0,0,
Alaska,0,82,1.06,,0,0,
Alaska,0,97,1.34,,0,0,
Alaska,0,78,0.92,,0,0,
Alaska,,88,1.07,,,0,
Alaska,0,92,1.08,,0,0,
Alaska,0,88,1.14,,0,0,
Alaska,,84,1,,0,0,
Alaska,,100,1.13,,,0,
Alaska,,88,1.17,,,0,
Alaska,,92,1.28,,,0,
Alaska,,112,1.48,,,0,
Alaska,,100,1.27,,,0,
Alaska,,74,0.82,,,0,
Alaska,,112,1.32,,,0,11
Alaska,,91,1.14,,,0,
Alaska,,101,1.25,,,0,10
Alaska,,83,1.04,,,0,
Alaska,,100,1.12,,0,0,
Alaska,,107,1.15,,,0,
Alaska,,65,0.74,0,0,0,
Alaska,,96,1.13,,,0,11
Alaska,,85,1.01,,,0,11
Alaska,,87,1.04,,,0,
Alaska,,75,1.06,,,0,12
Alaska,,59,0.7,,,0,
Alaska,,49,0.58,,,0,
Alaska,,28,0.32,,,0,
Alaska,0,,0.04,0,0,0,0
Arizona,0,1265,0.99,74,0,13,87
Arizona,0,1263,1.02,79,0,11,90
Arizona,0,1311,1.11,92,0,14,106
Arizona,0,1341,1.11,80,0,11,91
Arizona,0,1352,1.1,80,0,15,95
Arizona,0,1380,1.12,77,0,14,91
Arizona,0,1348,1.1,82,0,11,93
Arizona,,1290,1.07,102,,,112
Arizona,31,1323,1.11,117,19,,134
Arizona,58,1356,1.11,124,32,,154
Arizona,91,1403,1.15,149,52,,192
Arizona,96,1316,1.14,117,43,,171
Arizona,106,1383,1.19,120,42,,185
Arizona,104,1398,1.2,124,46,0,182
Arizona,127,1427,1.24,138,71,0,194
Arizona,118,1306,1.21,128,69,0,177
Arizona,97,1289,1.19,116,52,0,161
Arizona,114,1310,1.17,120,50,,185
Arizona,132,1398,1.27,137,72,0,197
Arizona,172,1463,1.3,158,99,0,231
Arizona,207,1547,1.44,169,108,,269
Arizona,256,1615,1.45,200,137,,320
Arizona,383,1772,1.59,275,211,0,447
Arizona,501,1952,1.79,412,310,0,603
Arizona,545,1993,1.79,410,339,,617
Arizona,471,1858,1.76,344,282,0,533
Arizona,388,1789,1.66,287,221,0,454
Arizona,304,1583,1.49,231,181,,355
Arizona,249,1525,1.49,206,145,0,310
Arizona,173,1502,1.43,144,91,0,226
Arizona,126,1462,1.34,125,70,0,181
Arizona,92,1289,1.17,122,59,0,155
Arizona,60,1279,1.21,87,36,0,111
Arizona,66,1255,1.18,75,29,0,112
Arizona,56,1281,1.19,78,27,0,107
Arizona,35,1195,1.14,81,18,0,98
Arizona,52,1236,1.16,79,28,0,103
Arizona,42,1222,1.11,79,24,0,97
Arizona,63,1272,1.22,92,35,0,120
Arizona,81,1288,1.2,96,38,0,139
Arizona,115,1336,1.18,128,59,0,184
Arizona,97,1081,0.94,95,52,0,140
Arizona,73,820,0.71,91,44,0,120
Arizona,,95,0.08,,,0,
Arkansas,0,681,1.05,56,0,,64
Arkansas,0,673,1.02,50,0,,59
Arkansas,0,688,1.02,38,0,,43
Arkansas,0,695,1.02,53,0,12,65
Arkansas,0,656,1.03,32,0,,39
Arkansas,0,696,1.06,42,0,,51
Arkansas,0,628,0.98,37,0,,41
Arkansas,0,637,1.01,54,0,11,65
Arkansas,,640,1.01,41,,,51
Arkansas,11,606,0.99,52,,0,61
Arkansas,14,635,1,59,,,70
Arkansas,12,635,1.09,49,,0,56
Arkansas,14,614,1.04,46,,0,56
Arkansas,22,630,1.05,40,,0,59
Arkansas,24,661,1.11,45,,,63
Arkansas,,582,0.98,34,,,39
Arkansas,20,642,1.08,43,,0,57
Arkansas,19,610,1.05,37,12,0,44
Arkansas,26,647,1.13,40,12,0,54
Arkansas,34,651,1.06,50,17,0,67
Arkansas,45,705,1.24,46,16,0,75
Arkansas,47,663,1.16,54,21,0,80
Arkansas,40,685,1.17,45,17,0,68
Arkansas,47,660,1.13,53,23,0,77
Arkansas,57,694,1.2,58,25,,91
Arkansas,73,713,1.29,72,35,0,110
Arkansas,86,743,1.37,83,42,0,127
Arkansas,90,733,1.27,80,42,,128
Arkansas,89,764,1.34,78,33,0,134
Arkansas,99,747,1.31,92,49,0,142
Arkansas,95,738,1.32,83,42,0,136
Arkansas,88,710,1.26,76,42,0,122
Arkansas,103,718,1.17,85,48,0,140
Arkansas,81,733,1.25,76,35,0,122
Arkansas,93,743,1.26,82,47,,128
Arkansas,114,778,1.38,94,56,0,152
Arkansas,139,777,1.38,109,80,0,168
Arkansas,140,762,1.3,102,64,,179
Arkansas,144,767,1.22,118,76,0,186
Arkansas,141,752,1.24,97,63,,177
Arkansas,138,787,1.31,80,51,,167
Arkansas,153,728,1.13,78,55,0,176
Arkansas,50,388,0.62,33,17,0,66
Arkansas,,46,0.07,,,0,
California,0,5685,0.98,428,0,60,488
California,,5912,1.05,450,0,68,519
California,0,5584,0.99,428,0,78,506
California,,5795,1.03,462,0,72,535
California,0,5679,0.99,434,0,71,505
California,,5732,1.01,482,0,56,540
California,,5460,0.98,426,,54,485
California,44,5677,1.05,483,19,43,551
California,131,5687,1.06,581,70,28,670
California,289,5981,1.12,631,158,24,786
California,381,6046,1.18,646,222,,810
California,535,6127,1.2,738,325,,955
California,528,5936,1.15,678,295,,914
California,544,5737,1.13,628,294,0,878
California,550,5667,1.14,625,297,,878
California,501,5686,1.15,575,271,,806
California,486,5526,1.12,561,268,,782
California,463,5589,1.13,574,262,,776
California,445,5512,1.1,532,251,,727
California,444,5559,1.12,533,241,,737
California,455,5479,1.1,506,226,,736
California,492,5688,1.18,558,262,,789
California,635,5886,1.21,612,345,0,902
California,737,6027,1.24,718,396,0,1059
California,882,6223,1.31,756,475,0,1163
California,1000,6232,1.3,869,560,,1309
California,1003,6323,1.34,874,570,0,1307
California,986,6284,1.32,851,575,0,1262
California,872,6268,1.33,806,503,0,1175
California,822,6459,1.38,726,466,0,1082
California,721,5854,1.21,666,402,,986
California,605,5758,1.19,632,352,0,885
California,520,5848,1.23,586,295,0,811
California,475,5716,1.19,510,266,0,719
California,446,5522,1.13,532,262,0,716
California,334,5613,1.16,475,189,0,620
California,369,5516,1.13,512,223,,659
California,288,5522,1.11,431,157,0,562
California,287,5223,1.05,410,167,0,530
California,307,5346,1.07,420,164,0,563
California,301,5449,1.07,426,183,0,544
California,287,4782,0.96,384,149,0,522
California,90,2491,0.48,189,52,,228
California,,175,0.03,15,,0,16
Colorado,0,792,0.98,46,0,,52
Colorado,0,846,1.04,50,0,11,61
Colorado,0,807,0.98,49,0,,57
Colorado,0,880,1.09,45,0,,48
Colorado,,842,1.08,57,0,16,74
Colorado,0,821,1.01,51,0,10,61
Colorado,,822,1.02,37,0,11,50
Colorado,16,891,1.11,70,,11,88
Colorado,46,860,1.13,91,27,,117
Colorado,129,967,1.26,159,86,,207
Colorado,214,1096,1.39,190,123,,283
Colorado,218,1106,1.43,161,118,0,261
Colorado,224,1066,1.45,163,111,,276
Colorado,188,997,1.35,138,89,0,237
Colorado,139,905,1.21,109,65,0,183
Colorado,97,883,1.23,88,45,0,140
Colorado,93,847,1.13,64,28,0,129
Colorado,75,833,1.17,66,39,0,102
Colorado,63,820,1.13,57,32,0,88
Colorado,59,813,1.14,63,34,0,88
Colorado,38,860,1.2,59,19,0,78
Colorado,22,876,1.27,44,,0,57
Colorado,25,787,1.09,42,14,0,53
Colorado,29,815,1.18,40,11,0,58
Colorado,43,808,1.18,56,22,0,77
Colorado,33,832,1.2,60,24,0,69
Colorado,36,812,1.14,51,18,0,69
Colorado,39,840,1.2,50,20,0,69
Colorado,28,832,1.18,41,18,0,51
Colorado,19,860,1.19,40,12,0,47
Colorado,29,815,1.15,41,,0,61
Colorado,20,740,1.01,25,,,39
Colorado,33,848,1.15,53,13,0,73
Colorado,21,802,1.1,33,,0,46
Colorado,25,836,1.18,48,10,0,63
Colorado,34,776,1.04,49,13,0,70
Colorado,39,796,1.05,47,17,0,69
Colorado,41,862,1.15,61,22,0,80
Colorado,61,856,1.1,66,29,0,98
Colorado,91,884,1.2,70,41,0,120
Colorado,146,944,1.24,87,59,0,174
Colorado,175,906,1.18,118,92,0,201
Colorado,61,554,0.73,41,28,0,74
Colorado,,57,0.08,,,0,
Connecticut,0,680,1.03,41,0,12,53
Connecticut,0,647,0.93,38,0,,44
Connecticut,0,632,0.95,34,0,13,47
Connecticut,0,647,0.97,35,0,11,46
Connecticut,0,632,1,59,0,,67
Connecticut,0,621,0.98,39,0,,41
Connecticut,0,626,1,36,0,,41
Connecticut,11,660,1.03,44,,,55
Connecticut,48,736,1.16,49,13,,87
Connecticut,212,880,1.35,90,34,,269
Connecticut,512,1252,1.93,162,119,,557
Connecticut,676,1379,2.32,164,127,,715
Connecticut,673,1331,2.12,186,147,0,712
Connecticut,571,1164,2,170,131,0,610
Connecticut,467,1051,1.82,153,118,0,502
Connecticut,382,944,1.69,112,86,0,408
Connecticut,284,814,1.4,90,58,,316
Connecticut,209,749,1.34,68,44,0,233
Connecticut,118,659,1.09,49,19,0,148
Connecticut,86,628,1.13,33,17,0,102
Connecticut,45,571,1.02,29,,0,67
Connecticut,43,590,1.04,41,15,0,69
Connecticut,23,544,0.93,22,,0,44
Connecticut,25,602,1.05,27,,0,46
Connecticut,16,557,0.98,25,,0,38
Connecticut,15,579,1.04,17,,0,30
Connecticut,10,544,0.94,20,,0,28
Connecticut,,584,1.04,25,0,0,34
Connecticut,,562,1.04,23,,0,26
Connecticut,,555,1,18,,0,22
Connecticut,,520,0.93,27,,0,31
Connecticut,,553,0.97,26,,0,32
Connecticut,,561,0.98,25,,0,33
Connecticut,12,563,0.98,29,,0,36
Connecticut,,630,1.11,27,0,0,33
Connecticut,16,579,0.99,22,,0,33
Connecticut,14,549,0.94,26,,0,35
Connecticut,24,479,0.81,29,,0,48
Connecticut,18,440,0.77,23,,0,38
Connecticut,18,317,0.52,23,,0,34
Connecticut,,28,0.05,0,0,0,
Connecticut,,23,0.04,,0,0,
Connecticut,,,0.01,,,0,
Connecticut,0,,0,0,0,0,0
Delaware,0,183,0.99,14,0,0,14
Delaware,0,191,1.02,,0,,
Delaware,0,202,1.03,,0,0,
Delaware,0,194,1,13,0,,14
Delaware,0,164,0.91,,0,,
Delaware,0,200,1.08,13,0,,15
Delaware,0,189,1.02,,0,,12
Delaware,0,221,1.17,16,0,,18
Delaware,,188,0.93,12,,,18
Delaware,,215,1.26,19,,,24
Delaware,24,219,1.22,21,11,0,34
Delaware,40,227,1.19,27,17,0,50
Delaware,64,285,1.71,38,27,0,75
Delaware,74,250,1.59,37,29,0,82
Delaware,64,270,1.65,34,27,0,71
Delaware,75,276,1.67,26,19,0,82
Delaware,49,222,1.3,24,17,0,56
Delaware,49,226,1.38,26,16,0,59
Delaware,23,181,1.07,15,,0,29
Delaware,20,199,1.23,12,,0,24
Delaware,,160,0.95,,,0,11
Delaware,,199,1.16,13,,0,17
Delaware,,201,1.12,15,,0,18
Delaware,,194,1.17,11,,0,13
Delaware,,191,1.05,11,,0,12
Delaware,,199,1.22,,,0,10
Delaware,,195,1.24,,,0,10
Delaware,,196,1.09,12,,0,16
Delaware,,185,1.1,,,0,11
Delaware,,190,1.1,,,0,12
Delaware,,187,1.1,,0,0,
Delaware,,205,1.23,11,,0,14
Delaware,,191,1.14,12,,0,15
Delaware,,156,0.95,,,0,10
Delaware,,193,1.09,12,,0,17
Delaware,12,190,1.11,14,,0,20
Delaware,,164,0.92,,,0,10
Delaware,,162,0.99,,0,0,
Delaware,14,174,1.07,,,0,16
Delaware,19,141,0.84,10,,0,21
Delaware,,129,0.74,,,0,
Delaware,,90,0.46,,,0,10
Delaware,,21,0.12,,0,0,
Delaware,0,0,0,0,0,0,0
District of Columbia,0,143,1.1,11,0,0,11
District of Columbia,0,131,1.01,10,0,0,10
District of Columbia,0,122,0.94,12,0,,13
District of Columbia,0,104,0.94,,0,0,
District of Columbia,0,135,1.11,,0,0,
District of Columbia,0,118,0.96,13,0,,14
District of Columbia,0,114,0.97,,0,,
District of Columbia,,129,1.1,10,,,11
District of Columbia,,130,1.07,20,,,23
District of Columbia,25,156,1.34,37,25,0,37
District of Columbia,37,193,1.69,49,37,,50
District of Columbia,59,202,1.7,68,57,0,70
District of Columbia,90,242,1.9,99,90,0,99
District of Columbia,75,215,1.78,81,75,0,81
District of Columbia,86,214,1.94,93,86,0,93
District of Columbia,71,185,1.74,80,71,0,80
District of Columbia,49,181,1.67,51,46,,55
District of Columbia,42,168,1.47,47,41,0,48
District of Columbia,38,149,1.33,40,36,0,42
District of Columbia,30,147,1.37,35,30,0,35
District of Columbia,28,132,1.21,33,21,0,40
District of Columbia,19,129,1.14,26,18,0,27
District of Columbia,16,122,1.17,18,13,0,21
District of Columbia,,138,1.21,,,0,10
District of Columbia,13,121,1.01,14,,0,18
District of Columbia,,123,1.15,11,,0,12
District of Columbia,10,130,1.16,,,0,14
District of Columbia,,117,1.06,12,,0,14
District of Columbia,,117,1.01,14,,0,14
District of Columbia,11,113,1.03,16,10,0,17
District of Columbia,,137,1.24,15,,0,15
District of Columbia,,140,1.24,15,,0,15
District of Columbia,,124,1.09,13,,0,16
District of Columbia,,105,0.9,,,0,
District of Columbia,,110,0.91,14,,0,16
District of Columbia,10,132,1.25,19,,0,20
District of Columbia,13,135,1.08,18,12,0,19
District of Columbia,,110,0.88,,,0,
District of Columbia,,101,0.82,12,,0,12
District of Columbia,,116,0.98,12,,0,14
District of Columbia,,112,0.87,11,,,14
District of Columbia,,83,0.77,10,,0,12
District of Columbia,,32,0.27,,,0,
District of Columbia,,,0.08,0,0,0,
Florida,0,4419,0.99,245,0,35,280
Florida,0,4385,1,286,0,35,321
Florida,0,4358,1,275,0,25,300
Florida,0,4416,1.04,273,0,33,306
Florida,0,4398,1.04,268,0,33,301
Florida,,4520,1.07,268,,29,298
Florida,,4435,1.06,305,,24,330
Florida,17,4362,1.03,365,,23,396
Florida,92,4461,1.06,369,45,19,434
Florida,219,4497,1.08,484,142,16,575
Florida,303,4545,1.1,437,158,10,592
Florida,310,4416,1.1,441,155,,600
Florida,325,4554,1.14,438,164,,603
Florida,308,4351,1.1,418,170,,558
Florida,290,4407,1.12,385,141,,539
Florida,257,4279,1.1,373,132,0,498
Florida,236,4360,1.15,339,117,,461
Florida,230,4211,1.08,333,112,,452
Florida,222,4264,1.09,330,99,0,453
Florida,193,4256,1.13,312,101,,404
Florida,220,4406,1.14,340,114,,447
Florida,322,4504,1.19,385,177,0,530
Florida,466,4725,1.21,459,226,,700
Florida,782,5083,1.36,596,368,,1011
Florida,1181,5507,1.48,823,570,,1436
Florida,1414,5704,1.54,937,730,,1621
Florida,1514,5793,1.54,1005,773,,1747
Florida,1401,5586,1.49,1028,834,,1596
Florida,1180,5509,1.5,918,677,,1421
Florida,950,5201,1.41,834,567,,1219
Florida,802,5010,1.37,679,467,,1014
Florida,653,4757,1.27,617,385,,887
Florida,519,4506,1.18,567,317,,770
Florida,431,4661,1.22,487,271,0,647
Florida,416,4438,1.17,455,244,0,627
Florida,315,4344,1.13,386,176,,526
Florida,331,4520,1.18,423,203,,551
Florida,327,4372,1.16,422,195,0,554
Florida,289,4305,1.13,389,168,,511
Florida,302,4218,1.09,392,173,0,521
Florida,287,4183,1.07,391,194,,487
Florida,330,3979,1,417,231,,517
Florida,126,2570,0.65,206,83,,250
Florida,,429,0.11,23,,0,28
Georgia,0,1791,1,87,0,,94
Georgia,0,1778,1,93,0,11,104
Georgia,0,1756,1.01,90,0,16,106
Georgia,0,1743,1.04,82,0,21,103
Georgia,0,1856,1.13,90,0,,99
Georgia,,1753,1.04,87,,,98
Georgia,,1780,1.05,105,,,110
Georgia,41,1772,1.06,134,20,,162
Georgia,98,1874,1.1,159,44,,219
Georgia,218,2029,1.25,234,107,,349
Georgia,216,2031,1.25,224,98,,347
Georgia,265,2022,1.24,213,112,,369
Georgia,258,2031,1.23,220,118,,361
Georgia,271,1969,1.19,205,129,,348
Georgia,207,1980,1.25,188,92,,305
Georgia,195,1949,1.24,156,96,,256
Georgia,154,1903,1.23,149,71,0,232
Georgia,143,1764,1.12,116,47,0,212
Georgia,118,1769,1.13,139,53,,205
Georgia,118,1730,1.13,133,56,0,195
Georgia,94,1761,1.13,112,32,0,174
Georgia,128,1803,1.19,121,49,0,200
Georgia,150,1864,1.23,114,54,0,210
Georgia,220,1953,1.28,163,95,0,288
Georgia,294,2146,1.38,210,133,0,371
Georgia,370,2147,1.39,252,168,,454
Georgia,410,2156,1.4,256,185,0,481
Georgia,466,2162,1.41,292,219,0,539
Georgia,422,2211,1.39,304,209,0,517
Georgia,403,2201,1.43,291,208,,488
Georgia,337,2084,1.34,265,174,0,428
Georgia,252,1982,1.31,218,136,0,334
Georgia,254,1997,1.27,211,135,,331
Georgia,218,1849,1.2,200,118,0,300
Georgia,211,1913,1.23,181,105,0,287
Georgia,158,1824,1.15,144,78,0,224
Georgia,162,1783,1.14,142,83,0,221
Georgia,141,1748,1.1,165,81,,225
Georgia,162,1730,1.09,137,77,,222
Georgia,156,1581,0.97,156,91,0,221
Georgia,143,1476,0.9,125,76,0,192
Georgia,125,1119,0.68,111,71,,166
Georgia,30,386,0.23,33,17,0,46
Georgia,,15,0.01,0,0,0,
Hawaii,0,242,1.02,19,0,0,19
Hawaii,0,235,1.1,20,0,0,20
Hawaii,0,281,1.16,23,0,,26
Hawaii,0,249,1.07,17,0,,18
Hawaii,0,238,1.04,14,0,,17
Hawaii,0,239,0.95,19,0,,23
Hawaii,0,243,0.98,18,0,,20
Hawaii,0,212,0.95,16,0,,18
Hawaii,0,235,0.98,15,0,,17
Hawaii,,234,1,14,,,20
Hawaii,,221,0.99,18,,,20
Hawaii,,211,1.01,,0,0,10
Hawaii,,200,0.92,,,0,12
Hawaii,,222,1.02,18,,0,19
Hawaii,0,210,0.93,12,0,0,12
Hawaii,0,230,1.02,13,0,0,13
Hawaii,0,208,0.94,11,0,,12
Hawaii,0,200,0.96,11,0,0,11
Hawaii,0,217,1.02,11,0,0,11
Hawaii,0,203,0.85,10,0,0,10
Hawaii,0,245,1.07,12,0,0,12
Hawaii,,236,1.1,,0,0,10
Hawaii,,206,1,,0,0,
Hawaii,,225,0.98,,0,0,
Hawaii,,207,0.99,13,,0,15
Hawaii,,218,0.98,,0,0,10
Hawaii,,216,1.07,11,0,0,12
Hawaii,,231,1.09,12,,0,14
Hawaii,13,222,1.07,16,,0,25
Hawaii,13,242,1.17,15,,0,23
Hawaii,32,254,1.17,27,18,0,41
Hawaii,29,233,1.12,18,12,0,35
Hawaii,33,271,1.14,31,18,0,46
Hawaii,32,242,1.14,22,11,0,43
Hawaii,26,242,1.17,21,14,0,33
Hawaii,20,213,0.99,22,12,,31
Hawaii,20,232,1.17,22,10,0,32
Hawaii,18,233,1.08,19,,0,28
Hawaii,14,232,1.2,11,,0,20
Hawaii,11,235,1.11,18,,0,21
Hawaii,,229,1.03,13,,0,15
Hawaii,,233,1.09,13,,0,15
Hawaii,,123,0.57,,,0,
Hawaii,0,,0.02,0,0,0,0
Idaho,0,249,0.88,11,0,,12
Idaho,0,293,1.04,18,0,,20
Idaho,0,279,0.89,11,0,,12
Idaho,0,318,1.1,17,0,,21
Idaho,0,289,0.99,17,0,,20
Idaho,0,278,0.96,17,0,,20
Idaho,0,282,1.04,18,0,,21
Idaho,0,308,1.03,22,0,,26
Idaho,,332,1.27,15,,,21
Idaho,,271,0.94,15,,,22
Idaho,22,306,1.07,18,,0,35
Idaho,12,283,1.01,13,,0,20
Idaho,12,262,1.01,15,,0,24
Idaho,,252,0.96,14,,0,16
Idaho,,304,1.17,,,,13
Idaho,,269,0.99,11,,0,15
Idaho,,262,0.98,11,,0,17
Idaho,,279,1.03,,0,0,12
Idaho,,292,1.11,,0,0,
Idaho,,287,1.08,10,,0,13
Idaho,0,282,1.04,12,0,0,12
Idaho,,296,1.17,14,,0,17
Idaho,,281,1.07,15,0,0,19
Idaho,15,287,1.11,,,0,20
Idaho,26,312,1.25,16,,0,38
Idaho,45,328,1.31,27,23,0,49
Idaho,49,327,1.32,33,22,0,60
Idaho,40,312,1.18,22,15,0,47
Idaho,32,319,1.3,23,12,0,43
Idaho,57,360,1.42,30,23,0,64
Idaho,28,327,1.27,24,11,0,41
Idaho,38,352,1.33,31,17,0,52
Idaho,25,321,1.25,19,11,0,33
Idaho,19,320,1.15,12,,0,26
Idaho,25,290,1.06,17,13,0,29
Idaho,30,327,1.24,22,13,0,39
Idaho,25,299,1.19,17,14,0,28
Idaho,37,323,1.15,22,13,,46
Idaho,43,339,1.26,31,21,,53
Idaho,68,346,1.29,40,26,,82
Idaho,74,356,1.29,42,33,0,83
Idaho,70,375,1.38,40,29,0,81
Idaho,26,196,0.81,18,11,0,33
Idaho,0,47,0.18,,0,0,
Illinois,0,2138,0.97,155,0,16,171
Illinois,0,2231,0.99,157,0,10,167
Illinois,0,2217,1.01,143,0,11,154
Illinois,0,2206,1,143,0,14,157
Illinois,0,2207,1.04,140,0,19,159
Illinois,0,2253,1.06,173,0,27,200
Illinois,,2192,1.03,167,,20,187
Illinois,14,2281,1.06,169,,22,200
Illinois,73,2303,1.11,235,44,16,279
Illinois,296,2621,1.25,370,177,,495
Illinois,469,2868,1.38,424,253,,645
Illinois,588,2912,1.45,504,323,,774
Illinois,676,3009,1.5,458,325,,810
Illinois,741,2949,1.46,530,377,0,894
Illinois,788,2961,1.52,528,397,0,919
Illinois,696,2864,1.45,431,315,,814
Illinois,574,2637,1.34,431,303,,703
Illinois,470,2546,1.3,301,209,0,562
Illinois,428,2508,1.3,310,203,0,535
Illinois,318,2267,1.2,261,165,0,414
Illinois,269,2254,1.18,208,120,0,357
Illinois,150,2131,1.13,138,54,0,234
Illinois,146,2181,1.15,155,62,0,239
Illinois,110,2189,1.15,152,45,0,217
Illinois,89,2087,1.1,115,33,0,171
Illinois,81,2032,1.08,133,38,,177
Illinois,89,2069,1.09,123,37,0,175
Illinois,98,2137,1.13,138,40,0,196
Illinois,100,2121,1.14,146,38,0,208
Illinois,96,2147,1.14,141,40,0,197
Illinois,128,2116,1.12,155,60,0,223
Illinois,119,2195,1.15,148,50,,218
Illinois,119,2077,1.05,134,57,0,196
Illinois,128,2077,1.04,154,52,,231
Illinois,138,2292,1.16,170,65,,244
Illinois,146,2126,1.06,166,61,,252
Illinois,185,2316,1.2,199,88,0,296
Illinois,220,2262,1.11,210,100,,331
Illinois,254,2255,1.1,231,117,,368
Illinois,316,2416,1.18,234,137,0,413
Illinois,494,2617,1.26,335,236,0,593
Illinois,569,2652,1.28,368,272,0,665
Illinois,362,1961,0.95,266,192,0,436
Illinois,20,379,0.18,40,17,0,43
Indiana,0,1378,1,96,0,,103
Indiana,0,1362,0.96,106,0,10,116
Indiana,0,1429,1.06,92,0,,101
Indiana,0,1407,1.02,105,0,13,118
Indiana,0,1447,1.09,105,0,18,123
Indiana,0,1369,1.02,95,0,14,109
Indiana,0,1402,1.04,114,0,15,129
Indiana,15,1326,1,94,,13,114
Indiana,51,1485,1.11,132,24,14,172
Indiana,158,1581,1.19,220,92,,291
Indiana,235,1628,1.26,238,122,,354
Indiana,273,1507,1.2,217,126,0,364
Indiana,307,1593,1.28,228,128,,408
Indiana,293,1530,1.23,223,115,,405
Indiana,263,1578,1.25,179,101,,341
Indiana,255,1566,1.3,154,79,,331
Indiana,197,1467,1.2,138,65,0,270
Indiana,146,1377,1.17,132,63,0,215
Indiana,139,1390,1.15,123,60,,203
Indiana,126,1386,1.15,114,54,0,186
Indiana,111,1348,1.15,112,41,0,182
Indiana,76,1373,1.13,101,19,0,158
Indiana,63,1337,1.11,91,17,0,137
Indiana,81,1351,1.18,103,37,0,147
Indiana,64,1375,1.15,96,24,,137
Indiana,77,1309,1.13,102,31,,149
Indiana,79,1355,1.15,101,34,0,146
Indiana,77,1336,1.14,108,37,0,148
Indiana,98,1360,1.15,107,38,0,167
Indiana,97,1346,1.15,119,49,0,167
Indiana,77,1349,1.12,99,34,0,142
Indiana,74,1256,1.05,114,41,0,147
Indiana,88,1316,1.09,117,46,0,159
Indiana,96,1383,1.16,116,44,0,168
Indiana,98,1413,1.15,107,40,0,165
Indiana,138,1373,1.13,148,69,0,217
Indiana,138,1374,1.15,144,69,0,213
Indiana,196,1455,1.18,176,100,0,272
Indiana,196,1402,1.1,159,89,0,266
Indiana,242,1436,1.11,196,127,0,311
Indiana,282,1392,1.13,191,134,,339
Indiana,176,1074,0.84,129,87,0,218
Indiana,47,555,0.43,39,17,,70
Indiana,,49,0.04,,0,0,
Iowa,0,615,0.97,54,0,,56
Iowa,0,637,1.03,42,0,,45
Iowa,0,600,0.93,37,0,,43
Iowa,0,643,1,42,0,,48
Iowa,0,642,1.05,36,0,,44
Iowa,0,624,1.04,42,0,13,55
Iowa,0,636,1.04,51,0,17,68
Iowa,0,597,0.96,35,0,16,51
Iowa,,595,1.02,51,0,,61
Iowa,17,608,1.04,58,,,73
Iowa,22,596,1,41,,,57
Iowa,36,633,1.09,45,,,75
Iowa,52,586,1.01,42,12,0,82
Iowa,69,673,1.14,45,16,,99
Iowa,92,700,1.26,58,25,0,125
Iowa,103,674,1.24,62,33,0,132
Iowa,101,617,1.1,58,35,0,124
Iowa,91,631,1.18,45,24,0,112
Iowa,70,598,1.07,49,22,0,97
Iowa,40,587,1.04,40,16,0,64
Iowa,32,574,1.06,37,13,0,56
Iowa,20,549,1,22,,0,37
Iowa,20,595,1.13,28,,0,43
Iowa,26,563,1.02,25,,0,47
Iowa,42,601,1.19,31,13,0,60
Iowa,46,649,1.19,35,11,0,70
Iowa,51,644,1.23,47,22,0,76
Iowa,54,644,1.21,49,15,0,88
Iowa,57,662,1.28,46,14,0,89
Iowa,63,620,1.14,47,17,0,93
Iowa,77,686,1.28,58,30,0,105
Iowa,59,589,1.09,42,18,0,83
Iowa,61,629,1.14,50,23,0,88
Iowa,46,626,1.15,35,13,0,68
Iowa,57,633,1.12,57,15,0,99
Iowa,83,666,1.11,51,20,0,114
Iowa,99,720,1.29,62,32,0,129
Iowa,112,667,1.13,70,45,0,137
Iowa,127,724,1.22,76,44,,160
Iowa,128,706,1.17,70,42,,157
Iowa,235,770,1.31,107,76,0,266
Iowa,219,680,1.13,105,70,0,254
Iowa,111,400,0.65,55,39,0,127
Iowa,18,84,0.14,,,0,20
Kansas,0,547,0.98,36,0,,43
Kansas,0,503,0.91,27,0,,36
Kansas,0,574,1,38,0,,44
Kansas,0,559,0.98,37,0,10,47
Kansas,0,548,1,33,0,14,47
Kansas,0,575,1.02,43,0,14,57
Kansas,,522,0.94,47,0,,55
Kansas,,514,0.96,27,0,15,43
Kansas,,523,1,43,,,48
Kansas,21,547,1.09,43,,0,55
Kansas,36,525,1.03,57,14,,80
Kansas,42,546,1.12,44,21,,66
Kansas,22,541,1.12,42,13,,52
Kansas,25,524,1.07,34,12,0,47
Kansas,34,504,1.03,40,15,0,59
Kansas,27,529,1.13,35,,0,56
Kansas,,518,1.08,24,,0,29
Kansas,14,506,1.07,23,,,33
Kansas,18,499,1.03,30,,0,41
Kansas,,515,1.1,33,,0,38
Kansas,20,507,1.07,34,14,0,40
Kansas,17,521,1.04,31,11,0,37
Kansas,12,561,1.17,28,,0,32
Kansas,16,503,1.07,14,0,0,30
Kansas,24,517,1.08,25,,0,40
Kansas,35,539,1.14,35,13,0,57
Kansas,40,543,1.19,40,19,0,61
Kansas,37,599,1.29,44,16,0,65
Kansas,40,576,1.23,41,15,0,66
Kansas,39,512,1.12,34,12,0,61
Kansas,49,529,1.17,33,15,0,67
Kansas,38,563,1.17,52,15,0,75
Kansas,56,579,1.21,39,19,0,76
Kansas,49,549,1.11,39,15,0,73
Kansas,56,593,1.22,42,24,0,74
Kansas,68,576,1.16,47,30,0,85
Kansas,82,632,1.35,50,28,0,104
Kansas,96,630,1.27,67,44,,119
Kansas,118,647,1.32,71,44,0,145
Kansas,85,557,1.09,66,46,0,105
Kansas,126,628,1.23,72,49,0,149
Kansas,127,606,1.2,88,64,0,151
Kansas,71,371,0.71,37,24,0,84
Kansas,,24,0.05,,,0,
Kentucky,0,977,0.99,93,0,,101
Kentucky,0,956,0.95,92,0,10,102
Kentucky,0,954,0.99,77,0,,86
Kentucky,0,992,0.99,81,0,,86
Kentucky,0,1018,1.02,86,0,10,96
Kentucky,0,1007,1,79,0,,84
Kentucky,0,1020,1.07,86,0,14,100
Kentucky,,948,0.99,82,,15,100
Kentucky,,935,0.97,75,,,85
Kentucky,47,1046,1.12,113,32,,133
Kentucky,53,1026,1.08,112,34,,136
Kentucky,59,959,1.02,97,29,0,127
Kentucky,68,973,1.04,114,35,,148
Kentucky,48,995,1.11,83,15,,117
Kentucky,62,1004,1.11,98,26,0,134
Kentucky,51,993,1.11,85,21,0,115
Kentucky,49,992,1.13,93,30,0,112
Kentucky,44,986,1.16,90,20,0,114
Kentucky,39,914,1.03,95,17,0,117
Kentucky,43,1000,1.1,89,24,0,108
Kentucky,26,964,1.1,95,13,,109
Kentucky,37,933,1.07,95,15,0,117
Kentucky,36,985,1.1,62,10,0,88
Kentucky,36,1042,1.21,82,16,0,102
Kentucky,37,931,1.09,72,13,,97
Kentucky,47,960,1.12,89,17,0,119
Kentucky,46,1025,1.21,76,20,0,102
Kentucky,53,997,1.14,96,25,0,124
Kentucky,64,1009,1.17,89,31,0,122
Kentucky,77,1071,1.25,107,36,0,148
Kentucky,70,995,1.14,92,33,,129
Kentucky,84,1040,1.22,90,30,0,144
Kentucky,70,996,1.11,92,37,0,125
Kentucky,59,986,1.13,82,27,0,114
Kentucky,69,1036,1.17,99,29,0,139
Kentucky,59,940,1.07,77,25,,112
Kentucky,86,990,1.11,83,35,0,134
Kentucky,97,1022,1.13,122,54,0,165
Kentucky,128,1037,1.12,110,56,0,182
Kentucky,107,905,0.98,106,55,,159
Kentucky,110,839,0.94,97,52,0,155
Kentucky,67,507,0.53,56,29,0,94
Kentucky,13,163,0.17,,,,17
Kentucky,0,,0.01,0,0,0,0
Louisiana,0,974,1.01,42,0,,46
Louisiana,0,956,0.98,36,0,,42
Louisiana,0,950,1.02,45,0,,52
Louisiana,,949,1.02,40,,,49
Louisiana,,992,1.13,49,,11,60
Louisiana,,961,1.09,49,,,58
Louisiana,0,993,1.09,44,0,,50
Louisiana,41,953,1.05,71,21,,96
Louisiana,191,1229,1.37,121,63,,253
Louisiana,391,1386,1.52,228,162,,459
Louisiana,455,1525,1.81,243,185,,514
Louisiana,392,1358,1.6,235,181,,449
Louisiana,336,1245,1.38,214,173,,377
Louisiana,268,1169,1.38,183,130,,322
Louisiana,241,1125,1.28,175,139,,279
Louisiana,170,1101,1.29,139,94,0,215
Louisiana,131,1053,1.25,94,64,0,161
Louisiana,121,1052,1.23,93,52,0,162
Louisiana,103,1011,1.14,98,60,0,141
Louisiana,73,948,1.14,63,34,0,102
Louisiana,86,999,1.22,75,50,0,111
Louisiana,72,992,1.19,59,32,,99
Louisiana,86,979,1.19,79,44,0,121
Louisiana,119,1048,1.25,103,59,0,163
Louisiana,156,1138,1.38,123,80,0,199
Louisiana,225,1200,1.45,148,106,0,267
Louisiana,237,1191,1.43,158,108,0,287
Louisiana,249,1218,1.46,178,132,0,295
Louisiana,202,1162,1.38,167,120,0,249
Louisiana,194,1101,1.32,127,101,0,220
Louisiana,161,1073,1.29,120,87,0,194
Louisiana,115,1060,1.3,92,60,0,147
Louisiana,115,992,1.12,103,62,0,156
Louisiana,93,995,1.15,68,39,,123
Louisiana,76,937,1.17,77,39,0,114
Louisiana,72,957,1.18,77,47,0,102
Louisiana,78,955,1.13,79,40,0,117
Louisiana,71,893,1.02,77,40,0,108
Louisiana,56,859,1.02,63,28,0,91
Louisiana,61,757,0.88,56,28,0,89
Louisiana,58,692,0.75,51,26,0,83
Louisiana,25,537,0.6,23,12,0,36
Louisiana,10,221,0.25,11,,0,14
Louisiana,0,15,0.02,,0,0,
Maine,0,288,1.04,19,0,,22
Maine,0,316,1.07,29,0,,35
Maine,0,329,1.14,23,0,,25
Maine,0,299,0.99,18,0,,19
Maine,0,292,1.04,25,0,,28
Maine,0,313,1.03,30,0,,32
Maine,0,301,0.98,29,0,,35
Maine,0,277,0.95,16,0,,18
Maine,,279,0.9,31,,,33
Maine,,300,1,35,,,41
Maine,12,304,1,31,,0,39
Maine,11,310,1.12,23,0,,35
Maine,18,285,0.97,16,,,32
Maine,,277,1.04,13,,0,20
Maine,,293,1.09,23,,0,29
Maine,10,256,0.98,,,0,17
Maine,,267,1,15,,0,21
Maine,13,302,1.16,19,,0,30
Maine,,255,1.01,11,,0,16
Maine,,254,0.97,10,,0,12
Maine,,275,1.03,16,,0,17
Maine,,299,1.11,15,,0,18
Maine,,280,1.06,19,0,0,25
Maine,,289,1.11,12,0,0,18
Maine,,294,1.08,11,,0,16
Maine,,282,1.12,18,0,0,20
Maine,,283,1.05,12,,0,15
Maine,,276,1.01,15,,0,16
Maine,,280,1.05,14,0,0,16
Maine,,312,1.19,13,,0,16
Maine,,285,1.09,12,,0,13
Maine,,289,1.08,13,,0,14
Maine,,319,1.17,19,,0,22
Maine,,299,1.07,16,,0,18
Maine,,309,1.08,10,,0,11
Maine,,289,1.05,13,0,0,15
Maine,,302,1.06,23,,0,26
Maine,,275,0.98,12,,0,12
Maine,,275,1.02,12,,0,14
Maine,,273,0.96,14,0,0,16
Maine,,330,1.18,21,,0,26
Maine,14,320,1.08,27,,0,35
Maine,19,270,0.92,18,,0,34
Maine,,54,0.18,,0,0,
Maryland,0,1034,0.99,69,0,,77
Maryland,0,1004,0.95,62,0,,71
Maryland,0,1019,0.99,71,0,12,83
Maryland,0,973,0.94,62,0,,69
Maryland,0,1082,1.06,75,0,11,86
Maryland,0,1049,1.04,82,0,11,93
Maryland,0,1006,1.01,65,0,13,78
Maryland,,1064,1.07,81,,,91
Maryland,18,1092,1.08,101,10,10,119
Maryland,86,1190,1.21,156,41,,207
Maryland,212,1353,1.35,180,90,10,308
Maryland,298,1356,1.43,209,118,,390
Maryland,392,1537,1.64,205,124,,475
Maryland,426,1521,1.6,226,147,,506
Maryland,414,1446,1.59,214,160,,470
Maryland,390,1428,1.58,187,134,0,443
Maryland,296,1333,1.47,175,110,,362
Maryland,290,1263,1.44,166,104,0,352
Maryland,233,1167,1.25,158,104,0,287
Maryland,191,1155,1.25,129,76,,245
Maryland,134,1068,1.19,117,45,0,206
Maryland,115,1030,1.11,92,40,0,167
Maryland,92,1049,1.15,79,29,0,142
Maryland,74,1031,1.15,72,20,,127
Maryland,62,1025,1.12,74,25,0,111
Maryland,66,1000,1.13,74,30,0,110
Maryland,79,1066,1.18,80,25,0,134
Maryland,72,1005,1.13,73,20,0,125
Maryland,60,1061,1.17,73,23,0,110
Maryland,59,1002,1.13,64,16,0,107
Maryland,56,1036,1.16,70,16,0,110
Maryland,55,1043,1.14,71,23,0,103
Maryland,38,992,1.1,45,12,0,71
Maryland,49,985,1.09,64,23,0,90
Maryland,49,1067,1.19,91,19,0,121
Maryland,41,1068,1.16,59,16,0,84
Maryland,51,1076,1.18,90,20,0,121
Maryland,42,1039,1.08,71,15,,99
Maryland,63,1087,1.11,88,31,,121
Maryland,65,1042,1.1,78,24,0,119
Maryland,75,1031,1.06,73,25,0,123
Maryland,77,976,0.99,83,35,0,125
Maryland,60,756,0.77,65,24,,102
Maryland,,131,0.13,11,,0,13
Massachusetts,0,1204,0.94,104,0,14,118
Massachusetts,0,1233,0.98,92,0,14,106
Massachusetts,0,1250,0.96,93,0,15,108
Massachusetts,,1166,0.94,89,0,17,107
Massachusetts,0,1278,1.02,100,0,21,121
Massachusetts,,1214,0.99,86,0,18,105
Massachusetts,0,1311,1.13,94,0,16,110
Massachusetts,,1170,1.02,107,,12,122
Massachusetts,48,1287,1.06,135,20,11,172
Massachusetts,229,1549,1.29,254,122,11,371
Massachusetts,642,2038,1.72,377,243,,778
Massachusetts,1106,2492,2.17,504,367,,1247
Massachusetts,1235,2533,2.28,571,453,,1354
Massachusetts,1121,2307,2.02,502,410,,1214
Massachusetts,940,2070,1.91,438,360,,1021
Massachusetts,789,1885,1.73,321,242,0,868
Massachusetts,530,1578,1.48,244,178,0,596
Massachusetts,390,1357,1.23,200,150,0,440
Massachusetts,244,1234,1.15,149,90,,304
Massachusetts,181,1139,1.06,132,73,0,240
Massachusetts,131,1125,1.05,98,40,0,189
Massachusetts,95,1082,1.01,75,24,0,146
Massachusetts,67,1046,0.94,81,26,0,122
Massachusetts,58,1046,0.96,50,14,,95
Massachusetts,35,1060,1.03,54,10,0,79
Massachusetts,36,1088,1.02,54,10,0,80
Massachusetts,32,1021,0.95,51,,0,75
Massachusetts,28,992,0.92,47,,0,72
Massachusetts,21,1049,0.99,53,,0,70
Massachusetts,33,1032,0.99,56,,0,82
Massachusetts,23,1057,1,58,,0,76
Massachusetts,18,1012,0.96,42,,0,56
Massachusetts,22,1011,0.94,42,,0,56
Massachusetts,27,1094,1.03,67,,0,86
Massachusetts,22,1121,1.05,59,,0,74
Massachusetts,26,1101,0.98,71,10,0,87
Massachusetts,28,1090,1.01,77,13,0,92
Massachusetts,43,1121,0.98,75,16,0,102
Massachusetts,58,1175,1.04,74,20,0,112
Massachusetts,53,1075,0.94,86,22,0,117
Massachusetts,72,1182,1.07,98,30,,142
Massachusetts,80,1139,0.98,101,28,,154
Massachusetts,55,798,0.68,52,26,0,81
Massachusetts,,72,0.06,12,,0,14
Michigan,0,2004,1.02,116,0,12,128
Michigan,0,1937,0.95,133,0,,141
Michigan,0,2012,1.02,111,0,19,130
Michigan,0,2056,1.05,131,0,28,159
Michigan,,1972,0.99,102,,27,129
Michigan,0,1986,1,112,0,27,139
Michigan,,1951,0.99,134,,26,160
Michigan,21,2033,1.05,133,,30,177
Michigan,231,2429,1.26,281,118,24,418
Michigan,679,3114,1.59,589,369,18,915
Michigan,969,3377,1.75,699,492,,1184
Michigan,972,3154,1.71,656,510,,1122
Michigan,775,2802,1.49,529,392,,914
Michigan,593,2585,1.42,385,276,,704
Michigan,448,2236,1.23,299,192,,558
Michigan,289,2156,1.2,242,142,0,389
Michigan,230,2010,1.14,193,102,,321
Michigan,171,1958,1.09,132,61,,243
Michigan,115,1996,1.14,134,53,0,196
Michigan,77,1860,1.03,102,27,0,152
Michigan,58,1882,1.07,107,22,0,143
Michigan,46,1911,1.09,107,16,0,137
Michigan,41,1983,1.11,89,18,0,112
Michigan,42,1889,1.09,92,13,0,121
Michigan,35,1871,1.04,78,16,0,97
Michigan,37,1890,1.12,97,12,0,122
Michigan,55,1957,1.11,105,20,0,140
Michigan,45,1863,1.07,117,20,0,142
Michigan,59,2018,1.15,134,26,0,167
Michigan,58,1915,1.14,120,25,0,153
Michigan,61,1928,1.1,107,30,0,138
Michigan,54,1949,1.12,102,28,0,128
Michigan,40,1929,1.1,92,18,0,114
Michigan,56,1895,1.09,116,29,0,143
Michigan,51,1984,1.11,117,26,0,142
Michigan,77,2010,1.11,115,32,,161
Michigan,84,2125,1.19,129,38,0,175
Michigan,123,2001,1.07,146,62,0,207
Michigan,156,2138,1.16,158,72,0,242
Michigan,153,2068,1.09,150,67,,236
Michigan,210,2018,1.07,193,97,,306
Michigan,79,1495,0.79,112,42,0,149
Michigan,45,581,0.3,42,22,0,65
Michigan,0,0,0,0,0,0,0
Minnesota,0,942,1.02,76,0,,82
Minnesota,0,919,1,60,0,,69
Minnesota,0,940,1.02,51,0,,58
Minnesota,0,912,1.01,63,0,13,76
Minnesota,0,931,1.07,67,0,17,84
Minnesota,0,944,1.07,69,0,17,86
Minnesota,0,881,1.04,50,0,16,66
Minnesota,,893,1.02,67,,15,82
Minnesota,11,903,1.07,62,,,74
Minnesota,25,921,1.07,63,10,,85
Minnesota,45,934,1.04,91,18,,120
Minnesota,79,946,1.11,90,24,,145
Minnesota,147,1011,1.23,96,41,0,202
Minnesota,155,1039,1.24,97,43,,210
Minnesota,167,1052,1.24,82,42,,209
Minnesota,142,998,1.18,95,53,0,184
Minnesota,164,1002,1.22,78,40,,203
Minnesota,156,1015,1.25,91,38,0,209
Minnesota,151,1038,1.31,84,40,,197
Minnesota,90,973,1.24,62,25,,128
Minnesota,68,940,1.22,65,16,0,117
Minnesota,54,838,1.05,58,12,0,100
Minnesota,44,875,1.09,45,,0,80
Minnesota,32,865,1.07,46,,0,72
Minnesota,38,866,1.12,57,10,0,85
Minnesota,34,878,1.08,54,,0,81
Minnesota,36,818,0.99,40,10,0,66
Minnesota,46,892,1.04,58,17,0,87
Minnesota,47,883,1.12,54,16,0,85
Minnesota,57,903,1.11,58,20,0,95
Minnesota,40,910,1.11,59,17,0,82
Minnesota,51,894,1.09,52,16,,88
Minnesota,56,884,1.08,44,13,0,87
Minnesota,47,947,1.13,51,13,0,85
Minnesota,57,956,1.12,72,21,0,108
Minnesota,68,871,1.01,66,27,0,107
Minnesota,83,990,1.14,65,24,0,124
Minnesota,98,925,1.05,60,30,0,128
Minnesota,121,983,1.12,88,40,0,169
Minnesota,148,1000,1.14,88,42,0,194
Minnesota,207,1059,1.18,123,69,,262
Minnesota,263,1065,1.18,141,106,0,298
Minnesota,219,820,0.94,137,98,0,258
Minnesota,,76,0.09,,,0,
Mississippi,0,608,0.93,51,0,,53
Mississippi,0,702,1.02,56,0,,62
Mississippi,0,648,0.98,50,0,,54
Mississippi,0,623,0.96,43,0,,48
Mississippi,0,663,1.08,55,0,10,65
Mississippi,0,660,1.06,57,0,,63
Mississippi,0,621,0.97,49,0,,56
Mississippi,,623,0.99,52,0,,58
Mississippi,15,696,1.19,62,,,75
Mississippi,53,706,1.14,85,24,,115
Mississippi,65,698,1.16,86,35,,117
Mississippi,66,731,1.23,91,32,0,125
Mississippi,67,750,1.27,80,29,0,118
Mississippi,100,747,1.27,87,45,0,142
Mississippi,86,747,1.25,76,28,0,134
Mississippi,108,775,1.33,110,54,,165
Mississippi,101,721,1.24,96,48,0,149
Mississippi,107,748,1.24,96,56,0,147
Mississippi,89,726,1.22,66,39,0,116
Mississippi,69,702,1.18,70,36,0,103
Mississippi,75,742,1.31,83,39,0,119
Mississippi,68,717,1.24,67,35,,101
Mississippi,91,709,1.24,75,38,0,128
Mississippi,120,788,1.31,96,53,0,163
Mississippi,128,784,1.4,124,78,0,174
Mississippi,162,874,1.59,134,85,0,211
Mississippi,227,865,1.5,165,120,0,272
Mississippi,199,909,1.54,167,116,0,250
Mississippi,192,854,1.51,152,116,0,228
Mississippi,187,803,1.41,154,111,,230
Mississippi,155,801,1.46,109,74,,190
Mississippi,113,726,1.23,102,60,,155
Mississippi,109,733,1.25,87,57,0,139
Mississippi,104,729,1.32,89,47,0,146
Mississippi,101,706,1.21,86,56,0,131
Mississippi,85,705,1.2,94,42,0,137
Mississippi,68,741,1.26,86,38,0,116
Mississippi,73,640,1.11,82,43,0,112
Mississippi,84,679,1.15,82,52,0,114
Mississippi,83,660,1.12,84,44,0,123
Mississippi,90,631,1.02,85,49,0,126
Mississippi,86,593,0.95,69,36,0,119
Mississippi,28,363,0.57,41,17,0,52
Mississippi,,61,0.1,,,0,
Missouri,0,1361,1.01,86,0,12,98
Missouri,0,1329,0.98,72,0,,76
Missouri,0,1345,0.95,66,0,13,79
Missouri,0,1356,1.01,62,0,30,92
Missouri,0,1366,1.05,89,0,24,113
Missouri,0,1393,1.07,87,0,23,110
Missouri,0,1301,0.99,78,0,22,100
Missouri,,1267,0.95,67,,23,90
Missouri,18,1337,1.05,107,11,14,128
Missouri,55,1298,1.07,107,24,,144
Missouri,97,1461,1.21,103,26,,175
Missouri,93,1350,1.1,94,24,,166
Missouri,132,1441,1.17,120,53,0,199
Missouri,119,1387,1.12,97,41,0,175
Missouri,120,1419,1.2,99,42,0,177
Missouri,92,1342,1.13,82,25,,150
Missouri,78,1295,1.09,83,29,0,132
Missouri,59,1235,1.05,62,16,0,105
Missouri,50,1279,1.08,65,18,0,97
Missouri,45,1254,1.08,78,16,,108
Missouri,43,1223,1.06,60,,0,95
Missouri,43,1277,1.07,67,12,0,98
Missouri,39,1275,1.06,50,11,0,78
Missouri,38,1280,1.09,58,,,89
Missouri,45,1356,1.15,70,13,0,102
Missouri,85,1344,1.15,81,32,0,134
Missouri,78,1348,1.2,86,32,0,132
Missouri,98,1343,1.11,110,39,0,169
Missouri,103,1362,1.16,100,37,0,166
Missouri,98,1385,1.19,97,42,,155
Missouri,124,1347,1.17,110,51,,184
Missouri,110,1376,1.18,110,55,0,165
Missouri,149,1335,1.13,104,52,0,201
Missouri,128,1406,1.18,116,64,0,180
Missouri,183,1423,1.19,136,77,0,242
Missouri,231,1446,1.24,131,84,0,278
Missouri,218,1449,1.27,143,96,0,265
Missouri,199,1407,1.2,131,76,,254
Missouri,232,1421,1.16,145,99,0,278
Missouri,272,1367,1.14,171,101,0,342
Missouri,294,1398,1.23,173,113,0,354
Missouri,228,1115,0.97,131,95,0,264
Missouri,81,565,0.46,60,31,0,110
Missouri,,32,0.03,,,0,
Montana,0,218,1.05,10,0,,11
Montana,0,202,0.94,,0,,12
Montana,0,198,0.9,,0,,11
Montana,0,218,0.97,15,0,,17
Montana,0,235,1.14,,0,,11
Montana,0,221,0.97,12,0,,18
Montana,0,218,1.06,11,0,,17
Montana,0,228,1.1,21,0,,26
Montana,,205,1.12,21,,,26
Montana,,177,0.87,13,0,,17
Montana,0,216,1.1,12,0,0,12
Montana,,191,0.94,11,,,15
Montana,,187,0.97,,0,0,
Montana,,204,1.1,10,,,12
Montana,0,177,0.93,,0,0,
Montana,0,205,1.1,10,0,0,10
Montana,0,181,0.98,,0,0,
Montana,,179,1.02,,0,0,
Montana,,178,0.9,14,,0,14
Montana,,223,1.16,,0,0,
Montana,,198,1.11,,0,0,
Montana,,198,1.09,11,0,0,12
Montana,,176,0.91,,,0,
Montana,,189,1.04,,,0,15
Montana,,203,1.07,10,,0,18
Montana,12,223,1.07,,,0,18
Montana,16,216,1.06,,,0,20
Montana,15,215,1.13,18,,0,27
Montana,,205,1.11,10,,0,13
Montana,11,240,1.28,,,0,13
Montana,12,194,1.07,10,,0,18
Montana,18,232,1.21,21,12,0,27
Montana,25,220,1.19,21,16,0,30
Montana,15,235,1.3,13,,0,22
Montana,20,235,1.3,12,,0,28
Montana,29,237,1.11,24,15,0,38
Montana,42,276,1.4,39,24,0,57
Montana,43,254,1.3,23,17,0,49
Montana,66,283,1.45,41,30,0,77
Montana,74,292,1.58,51,41,0,84
Montana,53,241,1.24,30,25,0,58
Montana,16,153,0.78,,,0,21
Montana,,102,0.52,,,0,12
Montana,0,10,0.05,0,0,0,0
Nebraska,0,373,1.07,29,0,,35
Nebraska,0,345,0.94,21,0,,27
Nebraska,0,327,0.95,29,0,,32
Nebraska,0,318,0.88,29,0,,31
Nebraska,0,341,0.99,22,0,,24
Nebraska,0,355,1.02,30,0,,32
Nebraska,0,343,0.97,24,0,,25
Nebraska,0,350,1.11,31,0,,33
Nebraska,,331,0.94,22,0,,26
Nebraska,,310,0.91,30,,,35
Nebraska,11,343,1.06,22,,0,31
Nebraska,16,353,1.1,34,,,47
Nebraska,30,353,1.13,31,,,54
Nebraska,20,344,1.08,28,,0,41
Nebraska,21,338,1.07,26,,0,39
Nebraska,30,352,1.11,25,12,0,43
Nebraska,32,347,1.15,32,12,0,52
Nebraska,22,375,1.19,26,,0,40
Nebraska,19,319,1.02,20,10,0,29
Nebraska,27,319,1.04,22,,0,40
Nebraska,24,371,1.15,23,17,0,30
Nebraska,18,318,1,21,,0,31
Nebraska,12,308,0.96,24,,0,31
Nebraska,10,317,1.01,21,,0,24
Nebraska,,325,1.1,21,,0,25
Nebraska,14,361,1.21,22,,0,33
Nebraska,13,358,1.17,24,,0,34
Nebraska,23,380,1.28,29,,0,43
Nebraska,23,353,1.16,31,10,0,44
Nebraska,27,362,1.16,24,,0,44
Nebraska,13,323,1.07,19,,0,29
Nebraska,35,346,1.12,24,17,0,42
Nebraska,24,336,1.07,26,12,0,38
Nebraska,23,328,1.03,20,,0,34
Nebraska,25,374,1.21,34,17,0,42
Nebraska,41,368,1.14,31,18,0,54
Nebraska,52,397,1.17,38,15,0,75
Nebraska,51,391,1.18,40,26,0,65
Nebraska,72,416,1.25,43,27,0,88
Nebraska,77,424,1.35,36,20,0,93
Nebraska,120,445,1.34,76,53,0,143
Nebraska,138,422,1.31,79,59,0,158
Nebraska,61,234,0.71,33,23,0,71
Nebraska,0,15,0.05,,0,0,
Nevada,0,532,1.01,32,0,,38
Nevada,0,579,1.07,45,0,,51
Nevada,0,529,1.05,29,0,,34
Nevada,0,545,1.07,26,0,,27
Nevada,0,543,0.99,39,0,,44
Nevada,0,535,1.03,33,0,,37
Nevada,0,515,0.96,48,0,,54
Nevada,,508,0.99,47,,,51
Nevada,19,542,1.1,57,16,,62
Nevada,43,593,1.16,79,33,,90
Nevada,55,588,1.16,91,43,0,103
Nevada,43,545,1.09,52,33,,63
Nevada,62,565,1.1,85,50,0,97
Nevada,48,547,1.11,65,32,0,81
Nevada,51,544,1.13,58,32,0,77
Nevada,34,514,1.09,43,24,0,53
Nevada,36,536,1.12,45,24,0,57
Nevada,29,543,1.13,56,21,0,64
Nevada,21,562,1.14,36,15,0,42
Nevada,17,543,1.08,39,,0,47
Nevada,20,519,1.05,42,15,0,47
Nevada,23,557,1.1,44,16,,52
Nevada,43,528,1.09,55,34,0,64
Nevada,67,633,1.29,78,50,0,95
Nevada,87,639,1.34,96,70,0,113
Nevada,94,656,1.45,106,70,0,130
Nevada,107,617,1.28,107,79,0,135
Nevada,131,690,1.52,141,109,0,163
Nevada,115,658,1.44,121,89,0,147
Nevada,100,645,1.44,109,78,0,131
Nevada,80,629,1.3,80,57,0,103
Nevada,75,635,1.39,88,55,0,108
Nevada,62,553,1.18,75,50,0,87
Nevada,51,533,1.17,62,34,0,79
Nevada,40,521,1.11,57,31,0,66
Nevada,37,554,1.17,60,29,0,68
Nevada,41,544,1.12,53,26,0,68
Nevada,30,513,1.16,41,22,0,49
Nevada,35,510,1.1,56,28,0,63
Nevada,44,558,1.17,61,34,0,71
Nevada,54,501,1.04,63,40,0,77
Nevada,64,488,1.01,69,52,0,81
Nevada,33,234,0.48,37,27,0,43
Nevada,,16,0.03,,,0,
New Hampshire,0,240,0.89,12,0,,15
New Hampshire,0,256,1.01,12,0,,17
New Hampshire,0,236,0.87,10,0,,12
New Hampshire,0,277,1.05,25,0,,27
New Hampshire,0,228,0.94,14,0,,21
New Hampshire,0,266,1.05,16,0,,20
New Hampshire,0,240,1.02,19,0,,21
New Hampshire,0,252,1.09,20,0,,23
New Hampshire,,258,1.09,24,,0,26
New Hampshire,12,248,0.97,13,,,23
New Hampshire,17,270,1.25,25,,0,37
New Hampshire,16,242,1.01,16,,0,27
New Hampshire,19,274,1.11,30,,0,43
New Hampshire,38,266,1.13,19,,,49
New Hampshire,43,292,1.22,23,,0,58
New Hampshire,40,285,1.27,36,20,0,56
New Hampshire,35,268,1.26,18,12,0,41
New Hampshire,39,250,1.11,17,,0,48
New Hampshire,33,259,1.26,13,,0,38
New Hampshire,31,302,1.41,15,,0,38
New Hampshire,13,238,1.02,11,,0,21
New Hampshire,24,250,1.14,13,,0,32
New Hampshire,14,247,1.13,,,0,20
New Hampshire,,248,1.15,11,0,0,18
New Hampshire,,231,0.98,10,,0,14
New Hampshire,,266,1.17,12,,0,16
New Hampshire,,247,1.08,,,0,
New Hampshire,,233,1.01,10,0,0,15
New Hampshire,,230,1,12,,0,14
New Hampshire,,249,1.12,12,,0,15
New Hampshire,,231,0.95,10,0,0,11
New Hampshire,,233,1.02,,,0,
New Hampshire,,228,0.97,,0,0,
New Hampshire,,226,0.98,14,,0,14
New Hampshire,,271,1.2,20,,0,21
New Hampshire,,221,0.91,10,,0,12
New Hampshire,16,254,1.05,,,,21
New Hampshire,,253,1.05,12,,0,17
New Hampshire,11,232,0.98,11,,0,21
New Hampshire,,255,1.02,13,,0,19
New Hampshire,,261,1.12,,,0,14
New Hampshire,10,284,1.27,16,,0,24
New Hampshire,12,237,0.98,15,,0,26
New Hampshire,,89,0.37,,,0,15
New Jersey,0,1516,0.95,86,0,10,96
New Jersey,0,1494,0.92,82,0,11,93
New Jersey,0,1488,0.94,77,0,,84
New Jersey,0,1493,0.97,81,0,,89
New Jersey,0,1571,1.04,91,0,13,104
New Jersey,0,1507,0.99,87,0,11,98
New Jersey,,1477,1.01,87,0,,98
New Jersey,37,1595,1.07,121,22,,145
New Jersey,292,2122,1.45,334,153,11,484
New Jersey,1234,3481,2.38,880,630,11,1492
New Jersey,2359,4768,3.35,1421,1183,10,2600
New Jersey,2488,4728,3.33,1349,1154,,2686
New Jersey,2041,3974,2.91,1196,1005,,2234
New Jersey,1552,3179,2.28,899,766,,1687
New Jersey,1122,2598,1.92,624,531,0,1215
New Jersey,827,2285,1.7,474,392,0,909
New Jersey,555,1936,1.42,331,260,0,626
New Jersey,395,1745,1.3,299,201,0,493
New Jersey,313,1582,1.16,223,153,0,383
New Jersey,220,1484,1.11,168,102,0,286
New Jersey,162,1409,1.06,131,76,,218
New Jersey,140,1443,1.08,100,46,0,194
New Jersey,102,1404,1.02,93,41,0,154
New Jersey,85,1385,1.03,84,33,0,136
New Jersey,61,1321,0.98,83,22,0,122
New Jersey,63,1365,1.03,83,21,0,125
New Jersey,61,1383,1.04,78,25,0,114
New Jersey,36,1340,1,77,14,0,99
New Jersey,45,1304,1,82,19,0,108
New Jersey,35,1337,0.99,61,15,0,81
New Jersey,33,1333,0.98,77,11,0,99
New Jersey,32,1392,1.04,87,18,0,101
New Jersey,35,1382,1.05,70,20,0,85
New Jersey,35,1370,1.02,74,11,,99
New Jersey,31,1382,1.06,80,17,0,94
New Jersey,34,1324,0.98,69,13,0,90
New Jersey,53,1390,1.02,84,17,0,120
New Jersey,55,1327,0.98,72,26,0,101
New Jersey,69,1454,1.03,98,30,0,137
New Jersey,81,1414,1.02,92,37,0,136
New Jersey,83,1494,1.07,104,45,0,142
New Jersey,110,1315,0.9,116,58,0,168
New Jersey,18,326,0.22,19,12,0,25
New Jersey,0,0,0,0,0,0,0
New Mexico,0,370,0.99,27,0,,32
New Mexico,0,375,0.94,19,0,,23
New Mexico,0,382,1.03,33,0,,38
New Mexico,0,386,0.99,24,0,,26
New Mexico,0,393,1.01,25,0,,27
New Mexico,0,397,1.06,28,0,,32
New Mexico,0,340,0.88,22,0,,23
New Mexico,0,387,1.04,29,0,,33
New Mexico,,362,1.03,24,,,26
New Mexico,,395,1.1,35,,0,39
New Mexico,22,403,1.07,40,11,0,51
New Mexico,34,416,1.2,46,19,0,61
New Mexico,47,404,1.13,38,17,0,68
New Mexico,75,417,1.17,47,36,0,86
New Mexico,69,435,1.2,43,23,0,89
New Mexico,64,464,1.36,36,15,0,85
New Mexico,42,393,1.22,37,18,0,61
New Mexico,52,427,1.28,38,26,0,64
New Mexico,36,443,1.27,32,17,,52
New Mexico,36,433,1.26,42,21,0,57
New Mexico,28,407,1.24,31,13,0,46
New Mexico,21,392,1.16,27,,0,41
New Mexico,27,438,1.31,28,10,0,45
New Mexico,29,399,1.17,30,14,0,45
New Mexico,31,394,1.19,23,14,0,40
New Mexico,46,422,1.32,38,26,0,58
New Mexico,40,397,1.31,35,18,0,57
New Mexico,28,421,1.27,23,11,0,40
New Mexico,22,381,1.13,27,12,0,37
New Mexico,21,391,1.25,24,11,0,34
New Mexico,18,383,1.13,14,,0,27
New Mexico,11,361,1.02,23,,0,26
New Mexico,,369,1.12,21,,0,23
New Mexico,10,380,1.1,19,,0,21
New Mexico,10,373,1.11,23,,0,27
New Mexico,13,355,1.04,21,,0,29
New Mexico,13,355,1.01,22,,0,27
New Mexico,17,331,0.96,30,13,0,34
New Mexico,36,357,1.03,39,19,0,56
New Mexico,62,346,1,57,40,,80
New Mexico,87,346,1,73,51,0,109
New Mexico,71,272,0.78,39,27,,83
New Mexico,27,107,0.32,16,15,0,28
New Mexico,0,0,0,0,0,0,0
New York,0,2027,0.98,146,0,16,162
New York,0,2058,0.97,151,0,22,173
New York,0,1986,0.96,161,0,14,175
New York,,2031,0.97,157,0,27,185
New York,0,2161,1.07,164,0,18,182
New York,0,2071,1,164,0,23,187
New York,,1980,0.99,171,,19,191
New York,41,2127,1.05,215,20,16,252
New York,294,2543,1.29,428,179,15,556
New York,1124,3769,1.95,954,630,15,1458
New York,2004,4661,2.36,1332,1046,12,2298
New York,2009,4463,2.31,1258,1012,,2258
New York,1593,3738,1.96,969,759,,1804
New York,1134,3127,1.64,676,510,,1301
New York,879,2779,1.54,525,400,,1005
New York,669,2506,1.37,433,298,0,804
New York,454,2243,1.2,331,196,,589
New York,330,2113,1.2,246,128,0,448
New York,263,1974,1.08,228,119,0,372
New York,181,1897,1.03,184,77,0,288
New York,128,1899,1.04,160,46,0,242
New York,76,1929,1.05,150,30,0,196
New York,61,1892,1.03,141,20,0,182
New York,64,1892,1.06,140,18,0,186
New York,58,1845,1.01,145,22,0,181
New York,44,1807,1.02,128,15,0,157
New York,39,1879,1.05,114,,0,145
New York,31,1871,1.05,130,14,0,147
New York,39,1821,1.01,117,14,0,142
New York,33,1870,1.05,114,10,0,137
New York,23,1801,1.01,94,,0,114
New York,29,1786,1,103,12,0,120
New York,25,1774,1.01,137,12,0,150
New York,23,1868,1.04,133,,0,151
New York,21,2074,1.13,150,,0,165
New York,49,1958,1.06,137,17,,170
New York,49,2073,1.11,158,18,,190
New York,58,1916,1,126,17,,168
New York,68,1886,0.99,134,19,,184
New York,88,1983,1.04,138,35,,193
New York,93,2132,1.11,192,28,,258
New York,161,2017,1.04,183,57,,287
New York,164,1845,0.93,170,55,0,279
New York,34,501,0.25,44,15,,64
New York City,0,1169,1.02,95,0,20,115
New York City,0,1171,0.98,101,0,18,119
New York City,0,1130,0.99,91,0,16,107
New York City,0,1093,1.02,77,0,10,87
New York City,0,1110,1.02,84,0,,90
New York City,,1113,1.01,95,,,103
New York City,,1135,1.04,105,,,114
New York City,125,1404,1.34,157,39,14,253
New York City,977,2800,2.72,607,367,47,1225
New York City,3307,6292,6.11,1783,1368,221,3731
New York City,4850,7858,7.37,2149,1855,328,5154
New York City,3905,5899,5.8,1566,1428,175,4045
New York City,2621,4047,4.1,1152,1053,78,2721
New York City,1724,2845,2.82,758,671,10,1814
New York City,1050,2074,2.11,481,408,,1124
New York City,616,1603,1.56,309,242,0,683
New York City,415,1310,1.29,201,146,,471
New York City,281,1165,1.23,150,98,0,333
New York City,196,1112,1.15,127,74,0,249
New York City,139,1098,1.11,108,45,,202
New York City,89,987,0.98,94,34,0,149
New York City,72,1071,1.11,70,19,0,123
New York City,49,986,0.98,65,16,0,98
New York City,43,1025,1.06,74,15,,102
New York City,50,966,0.99,75,17,0,108
New York City,44,1018,1.07,76,12,0,108
New York City,34,979,1,77,15,,97
New York City,23,963,0.99,66,,0,84
New York City,29,982,1,59,,0,83
New York City,20,964,0.99,64,,0,77
New York City,19,995,1.04,57,,,75
New York City,23,970,1,66,,0,81
New York City,17,961,0.98,68,,0,80
New York City,26,1005,1,63,,0,81
New York City,20,987,0.98,71,,0,86
New York City,34,969,0.94,66,16,0,84
New York City,24,1015,0.97,59,,,79
New York City,40,1046,1,63,11,,92
New York City,28,1036,0.97,64,,,85
New York City,41,1064,1.02,77,14,0,104
New York City,67,1147,1.07,100,34,0,133
New York City,49,1068,1,82,13,0,118
New York City,59,973,0.92,86,20,0,125
New York City,,311,0.29,20,,0,25
North Carolina,0,1983,1.02,124,0,16,140
North Carolina,0,2053,1.01,123,0,20,143
North Carolina,0,2060,1.03,141,0,27,168
North Carolina,0,1925,0.97,119,0,28,147
North Carolina,0,1973,1.03,115,0,33,148
North Carolina,,2031,1.04,110,0,25,136
North Carolina,0,2025,1.06,112,0,15,127
North Carolina,,2050,1.09,122,,26,148
North Carolina,12,1875,1,143,,15,161
North Carolina,44,2022,1.09,164,16,,201
North Carolina,61,2016,1.08,158,26,,196
North Carolina,138,2027,1.14,169,48,,262
North Carolina,120,2104,1.19,174,42,,254
North Carolina,119,1947,1.07,137,38,,221
North Carolina,118,2055,1.17,156,45,,230
North Carolina,103,2039,1.17,138,40,0,201
North Carolina,106,2057,1.15,145,33,,218
North Carolina,160,1990,1.15,144,58,,247
North Carolina,127,1964,1.1,142,45,0,224
North Carolina,113,1874,1.07,139,46,0,206
North Carolina,101,1936,1.1,135,37,,200
North Carolina,103,1942,1.12,113,43,0,173
North Carolina,101,1998,1.13,124,42,0,183
North Carolina,129,1976,1.18,136,48,0,217
North Carolina,151,2018,1.18,143,60,0,234
North Carolina,181,2124,1.25,151,71,0,261
North Carolina,204,2070,1.23,175,84,0,295
North Carolina,185,2011,1.17,179,80,0,284
North Carolina,192,2036,1.18,206,99,0,299
North Carolina,187,1898,1.12,160,84,,264
North Carolina,141,1606,0.93,142,72,0,211
North Carolina,86,1117,0.65,110,45,,151
North Carolina,40,412,0.24,51,23,0,68
North Carolina,23,155,0.09,18,11,0,30
North Carolina,,67,0.04,,,0,
North Carolina,,18,0.01,0,0,0,
North Carolina,0,,0,0,0,0,0
North Carolina,0,,0,0,0,0,0
North Carolina,,,0,0,0,0,
North Carolina,0,,0,0,0,0,0
North Carolina,0,,0,0,0,0,0
North Carolina,0,,0,0,0,0,0
North Carolina,0,0,0,0,0,0,0
North Carolina,0,0,0,0,0,0,0
North Dakota,0,130,0.97,10,0,,11
North Dakota,0,138,1.02,,0,,
North Dakota,0,148,1.01,,0,,
North Dakota,0,176,1.18,11,0,0,11
North Dakota,0,153,1.09,13,0,,15
North Dakota,0,171,1.25,18,0,,22
North Dakota,0,148,1.14,15,0,,18
North Dakota,0,150,1.08,23,0,,25
North Dakota,,119,0.85,13,0,,17
North Dakota,,140,0.87,12,0,,17
North Dakota,,158,1.14,13,,0,16
North Dakota,,157,1.1,17,,0,21
North Dakota,11,158,1.21,18,,,26
North Dakota,,148,1.06,14,,0,19
North Dakota,11,141,1.03,,,0,17
North Dakota,14,152,1.14,14,,0,23
North Dakota,10,140,1.06,,0,0,15
North Dakota,14,143,1.02,11,,0,21
North Dakota,,161,1.23,14,,0,17
North Dakota,,143,1.08,,0,0,
North Dakota,,142,1.12,,,0,
North Dakota,,131,0.98,10,,0,12
North Dakota,,117,0.96,,0,0,12
North Dakota,,135,1.03,12,,0,14
North Dakota,,134,1.11,11,,0,16
North Dakota,10,132,1.06,11,,0,19
North Dakota,,139,1.09,14,,0,17
North Dakota,,154,1.24,15,,0,17
North Dakota,14,135,0.94,15,,0,20
North Dakota,,130,0.98,11,,0,16
North Dakota,,138,1.22,10,,0,12
North Dakota,14,163,1.34,17,,0,24
North Dakota,12,142,1,10,,0,18
North Dakota,17,161,1.22,,,0,23
North Dakota,46,173,1.19,34,21,0,59
North Dakota,59,190,1.34,38,27,0,70
North Dakota,69,223,1.8,43,38,0,74
North Dakota,53,186,1.22,42,33,0,62
North Dakota,47,133,0.92,31,21,0,57
North Dakota,57,147,0.98,43,36,0,64
North Dakota,77,174,1.21,48,39,0,86
North Dakota,84,152,1.09,42,38,0,88
North Dakota,18,37,0.25,11,10,0,19
North Dakota,0,0,0,0,0,0,0
Ohio,0,2492,0.97,126,0,26,152
Ohio,0,2533,0.99,128,0,18,146
Ohio,0,2492,1,138,0,25,163
Ohio,0,2524,1,121,0,19,140
Ohio,0,2458,0.98,123,0,29,152
Ohio,0,2506,0.99,145,0,22,167
Ohio,,2550,1.03,140,,39,179
Ohio,,2517,1.01,155,,25,186
Ohio,44,2507,1.03,191,18,21,238
Ohio,117,2571,1.01,195,52,,269
Ohio,177,2627,1.08,253,82,,355
Ohio,270,2652,1.12,278,135,,417
Ohio,285,2830,1.23,245,120,,415
Ohio,322,2732,1.17,236,127,,433
Ohio,289,2615,1.13,193,98,,387
Ohio,257,2677,1.2,228,116,,370
Ohio,267,2658,1.19,198,110,,356
Ohio,180,2516,1.13,168,69,0,279
Ohio,186,2586,1.14,194,80,0,300
Ohio,130,2416,1.08,151,55,,227
Ohio,108,2396,1.07,119,37,0,190
Ohio,104,2415,1.07,126,39,,192
Ohio,103,2509,1.12,124,40,,188
Ohio,127,2510,1.1,161,57,,232
Ohio,122,2529,1.15,165,55,,233
Ohio,181,2499,1.14,182,75,0,288
Ohio,182,2613,1.18,180,81,0,281
Ohio,160,2573,1.16,198,74,0,284
Ohio,185,2574,1.16,162,80,0,267
Ohio,177,2578,1.17,185,78,,285
Ohio,181,2629,1.17,177,77,,282
Ohio,164,2409,1.07,157,76,0,245
Ohio,152,2537,1.1,170,69,,254
Ohio,126,2452,1.06,138,54,0,210
Ohio,140,2604,1.17,155,56,0,239
Ohio,134,2573,1.13,167,65,0,236
Ohio,160,2610,1.14,158,73,0,245
Ohio,193,2575,1.12,178,83,0,288
Ohio,222,2534,1.11,183,91,0,314
Ohio,237,2423,1.02,187,98,0,326
Ohio,219,2174,0.9,177,110,,287
Ohio,139,1480,0.61,118,69,0,188
Ohio,97,927,0.39,67,39,0,125
Ohio,14,173,0.07,17,,0,25
Oklahoma,0,832,0.96,78,0,,86
Oklahoma,0,815,0.95,60,0,,67
Oklahoma,0,804,0.91,79,0,,86
Oklahoma,0,816,0.98,74,0,,79
Oklahoma,0,829,1.02,73,0,15,88
Oklahoma,,797,0.95,68,0,18,87
Oklahoma,0,791,0.97,73,0,18,91
Oklahoma,,826,1.03,82,,,93
Oklahoma,18,854,1.15,81,,11,105
Oklahoma,42,782,1.04,97,20,,123
Oklahoma,52,856,1.15,109,26,,136
Oklahoma,48,798,1.08,84,17,,117
Oklahoma,47,777,1.05,69,11,,107
Oklahoma,46,758,1,69,21,,95
Oklahoma,28,776,1.08,69,13,0,84
Oklahoma,20,733,0.96,60,,,78
Oklahoma,23,812,1.14,68,10,0,81
Oklahoma,25,740,1.06,50,10,0,65
Oklahoma,14,786,1.11,53,,,65
Oklahoma,15,770,1.06,61,,0,72
Oklahoma,18,739,1.04,62,,0,71
Oklahoma,18,764,1.09,66,,0,78
Oklahoma,23,779,1.11,47,,0,61
Oklahoma,37,768,1.05,62,13,0,86
Oklahoma,48,787,1.1,63,23,0,88
Oklahoma,67,900,1.27,83,31,,120
Oklahoma,74,875,1.25,84,24,0,134
Oklahoma,73,810,1.13,82,26,0,129
Oklahoma,90,857,1.21,93,34,0,149
Oklahoma,72,872,1.25,85,24,0,133
Oklahoma,78,808,1.1,67,28,,118
Oklahoma,75,822,1.16,73,26,0,122
Oklahoma,75,796,1.09,88,39,,124
Oklahoma,73,776,1.09,64,22,0,115
Oklahoma,85,890,1.26,105,39,0,151
Oklahoma,82,817,1.12,96,38,0,140
Oklahoma,106,927,1.32,99,39,0,166
Oklahoma,101,807,1.07,81,40,,143
Oklahoma,147,854,1.2,88,49,,187
Oklahoma,128,884,1.18,93,56,,166
Oklahoma,133,791,1.02,72,36,0,169
Oklahoma,124,595,0.75,80,43,0,161
Oklahoma,34,226,0.29,33,13,0,54
Oklahoma,,16,0.02,0,0,0,
Oregon,0,728,0.99,34,0,,40
Oregon,0,727,0.98,35,0,,40
Oregon,0,783,1.09,41,0,,43
Oregon,0,733,1,34,0,,39
Oregon,0,734,0.99,32,0,,38
Oregon,0,788,1.05,34,0,10,44
Oregon,,746,0.98,40,0,12,54
Oregon,,774,1.07,53,,,57
Oregon,14,768,1.06,47,,,62
Oregon,24,778,1.07,55,,,72
Oregon,25,769,1.09,54,11,,70
Oregon,25,765,1.06,43,10,0,58
Oregon,30,770,1.1,42,,,63
Oregon,15,714,1.05,34,,0,45
Oregon,19,703,1.02,28,,,41
Oregon,14,716,1.02,31,,0,39
Oregon,,743,1.08,28,,0,33
Oregon,11,748,1.09,26,,0,34
Oregon,,683,1.01,32,,,40
Oregon,15,727,1.07,27,,,40
Oregon,12,731,1.06,33,,0,42
Oregon,15,687,1.03,32,,0,42
Oregon,20,758,1.16,28,,0,43
Oregon,14,712,1.04,33,,0,45
Oregon,28,758,1.14,27,,0,46
Oregon,26,740,1.13,37,10,0,53
Oregon,32,718,1.08,30,11,0,51
Oregon,31,766,1.15,27,10,0,48
Oregon,32,777,1.17,28,11,0,49
Oregon,24,786,1.2,35,10,0,49
Oregon,33,745,1.15,34,13,0,54
Oregon,20,703,1.08,31,,0,45
Oregon,23,734,1.14,29,,0,47
Oregon,16,787,1.19,38,,0,48
Oregon,17,722,1.06,29,,0,40
Oregon,21,723,1.03,27,,0,41
Oregon,22,744,1.06,25,,,43
Oregon,33,699,0.99,33,12,0,54
Oregon,28,711,1.02,38,12,0,54
Oregon,27,700,1.02,26,,0,49
Oregon,25,611,0.84,27,,0,43
Oregon,35,489,0.68,27,11,0,51
Oregon,13,199,0.29,15,,0,23
Oregon,0,0,0,0,0,0,0
Pennsylvania,0,2803,0.98,168,0,14,182
Pennsylvania,0,2780,0.97,144,0,17,161
Pennsylvania,0,2805,0.97,174,0,23,197
Pennsylvania,0,2695,0.95,144,0,22,166
Pennsylvania,,2765,0.99,143,0,26,170
Pennsylvania,0,2770,0.99,149,0,38,187
Pennsylvania,0,2820,1.01,167,0,37,204
Pennsylvania,,2596,0.94,184,,29,216
Pennsylvania,52,2730,1.01,203,27,21,249
Pennsylvania,211,3005,1.12,274,84,12,412
Pennsylvania,638,3452,1.28,471,270,,842
Pennsylvania,914,3737,1.42,514,344,,1087
Pennsylvania,1074,3817,1.48,560,417,,1219
Pennsylvania,944,3560,1.41,459,314,0,1089
Pennsylvania,849,3435,1.4,455,322,,983
Pennsylvania,712,3278,1.3,356,252,,817
Pennsylvania,510,2970,1.19,306,179,,638
Pennsylvania,358,2786,1.13,214,122,0,450
Pennsylvania,273,2722,1.09,170,74,0,369
Pennsylvania,206,2569,1.03,169,68,0,307
Pennsylvania,183,2616,1.06,157,56,0,284
Pennsylvania,146,2556,1.05,133,33,,247
Pennsylvania,137,2586,1.06,140,40,0,237
Pennsylvania,126,2672,1.12,143,40,0,229
Pennsylvania,109,2553,1.06,120,30,0,199
Pennsylvania,95,2529,1.06,121,30,0,186
Pennsylvania,103,2641,1.11,138,36,0,205
Pennsylvania,135,2534,1.04,136,40,0,231
Pennsylvania,123,2653,1.11,122,39,0,206
Pennsylvania,98,2627,1.1,145,38,0,205
Pennsylvania,103,2577,1.07,143,43,0,203
Pennsylvania,84,2593,1.08,123,26,0,181
Pennsylvania,99,2605,1.06,124,30,0,193
Pennsylvania,92,2602,1.05,136,29,0,199
Pennsylvania,94,2652,1.08,119,32,0,181
Pennsylvania,125,2652,1.05,148,46,0,227
Pennsylvania,148,2737,1.1,151,53,0,246
Pennsylvania,152,2630,1.01,143,56,0,239
Pennsylvania,172,2703,1.03,195,77,0,290
Pennsylvania,188,2641,1.02,175,76,0,287
Pennsylvania,300,2809,1.09,256,127,,430
Pennsylvania,376,2781,1.03,299,180,,496
Pennsylvania,315,1773,0.6,214,155,0,374
Pennsylvania,15,69,0.03,15,13,0,17
Rhode Island,0,220,1.01,,0,,10
Rhode Island,0,244,1.04,,0,,
Rhode Island,0,183,0.82,11,0,,15
Rhode Island,0,206,1.03,,0,,
Rhode Island,0,235,1.11,13,0,,14
Rhode Island,0,254,1.16,19,0,,21
Rhode Island,0,196,0.97,10,0,,13
Rhode Island,0,220,1.05,18,0,,21
Rhode Island,,199,1.02,12,,0,14
Rhode Island,22,235,1.09,18,,,36
Rhode Island,51,246,1.26,30,17,,65
Rhode Island,94,273,1.32,47,39,0,102
Rhode Island,104,297,1.47,50,39,0,115
Rhode Island,124,332,1.49,63,47,,141
Rhode Island,134,381,1.98,56,47,0,143
Rhode Island,114,302,1.45,57,48,0,123
Rhode Island,104,279,1.46,57,43,0,118
Rhode Island,71,254,1.53,37,31,0,77
Rhode Island,56,241,1.21,31,21,0,66
Rhode Island,27,209,1.13,18,,0,37
Rhode Island,33,235,1.21,20,14,0,39
Rhode Island,24,201,1.04,21,11,0,34
Rhode Island,19,177,0.93,17,,0,28
Rhode Island,12,191,1.04,13,,0,22
Rhode Island,,190,0.97,,,0,14
Rhode Island,,173,0.97,15,,0,19
Rhode Island,,199,1.13,,,0,
Rhode Island,,208,1.18,14,,0,19
Rhode Island,,209,1.13,,,0,15
Rhode Island,16,198,1.02,14,,0,25
Rhode Island,,185,0.96,,,0,12
Rhode Island,,207,1.05,,,0,15
Rhode Island,,191,1.01,10,,0,13
Rhode Island,15,195,1,18,,0,24
Rhode Island,11,206,1.05,13,,0,19
Rhode Island,10,217,1.13,14,,0,18
Rhode Island,19,211,1.12,17,14,0,22
Rhode Island,25,205,1,15,10,0,30
Rhode Island,19,186,0.98,20,11,0,28
Rhode Island,26,184,0.94,21,15,0,32
Rhode Island,21,169,0.89,21,15,0,27
Rhode Island,16,99,0.48,12,,0,19
Rhode Island,,16,0.08,,,0,
Rhode Island,0,0,0,0,0,0,0
South Carolina,0,1032,0.99,59,0,11,70
South Carolina,0,1096,1.07,60,0,17,77
South Carolina,0,1003,0.99,69,0,16,85
South Carolina,0,1035,1.05,48,0,,56
South Carolina,0,1044,1.1,59,0,,67
South Carolina,0,1133,1.15,67,0,,75
South Carolina,0,1103,1.13,54,0,,63
South Carolina,,1066,1.07,57,,10,67
South Carolina,19,1038,1.08,78,,,96
South Carolina,36,1048,1.08,82,18,,101
South Carolina,57,1138,1.19,81,19,,121
South Carolina,47,1049,1.15,73,14,,107
South Carolina,61,1022,1.12,77,23,0,115
South Carolina,63,1032,1.12,90,21,,132
South Carolina,72,1060,1.17,97,35,0,134
South Carolina,67,1109,1.17,73,30,0,110
South Carolina,59,1045,1.14,58,22,,96
South Carolina,65,1048,1.15,73,24,0,114
South Carolina,64,1037,1.14,80,25,0,119
South Carolina,48,1078,1.21,74,18,0,104
South Carolina,57,1052,1.14,71,22,0,106
South Carolina,84,1100,1.23,83,30,,138
South Carolina,129,1195,1.35,103,54,0,178
South Carolina,145,1217,1.41,110,56,0,199
South Carolina,227,1331,1.48,148,85,0,290
South Carolina,320,1352,1.5,193,141,0,372
South Carolina,285,1327,1.48,187,130,,342
South Carolina,266,1367,1.47,191,122,0,335
South Carolina,239,1317,1.48,151,102,0,288
South Carolina,206,1179,1.37,129,89,0,246
South Carolina,200,1235,1.37,154,97,0,257
South Carolina,180,1238,1.38,130,77,,233
South Carolina,142,1186,1.32,113,66,,189
South Carolina,132,1140,1.26,105,58,0,179
South Carolina,121,1149,1.24,114,56,0,179
South Carolina,105,1136,1.23,103,51,0,157
South Carolina,89,1126,1.27,73,36,0,126
South Carolina,114,1047,1.16,110,60,0,164
South Carolina,117,1123,1.19,104,57,0,164
South Carolina,110,1162,1.22,106,57,,159
South Carolina,46,862,0.92,48,20,0,74
South Carolina,,590,0.61,30,,,37
South Carolina,,297,0.31,19,,0,21
South Carolina,0,0,0,0,0,0,0
South Dakota,0,162,0.94,10,0,0,10
South Dakota,0,150,0.89,15,0,,18
South Dakota,0,178,1.07,11,0,,14
South Dakota,0,177,1.06,11,0,,13
South Dakota,0,163,0.95,,0,,13
South Dakota,0,194,1.12,20,0,,23
South Dakota,,166,0.99,11,0,,15
South Dakota,0,162,1.03,12,0,0,12
South Dakota,,149,0.95,15,0,0,16
South Dakota,,170,1.06,18,,,21
South Dakota,,149,0.93,12,0,,14
South Dakota,,152,0.95,,0,,11
South Dakota,,175,1.21,12,,,16
South Dakota,16,159,0.97,15,,,26
South Dakota,15,181,1.17,18,,0,27
South Dakota,,146,1.05,10,,,16
South Dakota,,162,1.06,15,,0,20
South Dakota,10,157,1.06,14,,0,20
South Dakota,,147,0.91,11,,0,14
South Dakota,11,159,1.06,14,,0,18
South Dakota,12,175,1.21,11,,0,18
South Dakota,10,163,1.09,,,0,12
South Dakota,,160,1.03,11,,0,14
South Dakota,14,172,1.2,17,,0,24
South Dakota,,158,1.11,13,,0,16
South Dakota,15,173,1.17,18,,0,26
South Dakota,,149,0.98,11,,0,16
South Dakota,,186,1.21,10,,0,17
South Dakota,11,161,1.09,17,,0,22
South Dakota,10,164,1.15,18,,,22
South Dakota,13,184,1.22,11,,0,21
South Dakota,18,207,1.42,20,10,0,28
South Dakota,20,182,1.17,12,10,0,22
South Dakota,26,177,1.13,19,12,0,33
South Dakota,35,188,1.27,26,18,0,43
South Dakota,41,202,1.27,25,17,0,49
South Dakota,43,206,1.22,33,21,0,55
South Dakota,53,188,1.1,32,23,0,62
South Dakota,54,226,1.42,26,14,,67
South Dakota,82,214,1.27,36,32,0,86
South Dakota,122,286,1.8,56,51,0,127
South Dakota,63,156,1.02,26,19,0,70
South Dakota,,,0.05,,,0,
South Dakota,0,0,0,0,0,0,0
Tennessee,0,1589,1.04,127,0,13,140
Tennessee,0,1611,1.01,126,0,15,141
Tennessee,0,1454,0.94,116,0,15,131
Tennessee,0,1513,1.01,97,0,10,107
Tennessee,0,1501,1.02,114,0,16,130
Tennessee,0,1611,1.11,121,0,13,134
Tennessee,0,1598,1.08,109,0,12,121
Tennessee,,1526,1.05,116,,,125
Tennessee,11,1527,1.04,125,,,138
Tennessee,55,1592,1.08,138,21,,181
Tennessee,53,1512,1.04,143,31,,168
Tennessee,43,1540,1.1,119,18,0,144
Tennessee,31,1481,1.02,110,,0,133
Tennessee,35,1492,1.07,108,15,,129
Tennessee,48,1486,1.08,101,13,0,136
Tennessee,57,1543,1.12,108,22,,145
Tennessee,32,1556,1.13,107,11,0,128
Tennessee,46,1466,1.06,108,16,0,138
Tennessee,37,1484,1.06,102,13,0,126
Tennessee,36,1497,1.11,99,13,,123
Tennessee,59,1564,1.14,99,19,,140
Tennessee,63,1561,1.18,113,23,,154
Tennessee,75,1530,1.1,97,23,0,149
Tennessee,106,1626,1.2,152,58,0,200
Tennessee,118,1646,1.21,143,62,,200
Tennessee,157,1707,1.25,177,74,,261
Tennessee,173,1710,1.23,181,97,0,257
Tennessee,176,1704,1.27,173,89,,261
Tennessee,175,1669,1.28,183,96,0,262
Tennessee,139,1679,1.24,167,67,0,239
Tennessee,180,1708,1.27,191,93,0,278
Tennessee,148,1610,1.17,149,69,0,228
Tennessee,184,1714,1.23,187,100,0,271
Tennessee,155,1611,1.19,183,92,,247
Tennessee,168,1736,1.27,203,99,0,272
Tennessee,132,1715,1.25,158,72,0,218
Tennessee,177,1744,1.29,178,102,,254
Tennessee,217,1732,1.26,195,112,,302
Tennessee,225,1732,1.19,227,111,,341
Tennessee,236,1725,1.26,218,135,0,319
Tennessee,247,1634,1.15,201,127,,323
Tennessee,220,1485,1.02,171,111,0,280
Tennessee,124,856,0.58,92,68,,149
Tennessee,,76,0.05,,,0,11
Texas,0,4172,0.97,276,0,30,306
Texas,0,4320,1.01,285,0,37,322
Texas,0,4342,1.03,300,0,45,345
Texas,0,4217,1.02,282,0,35,317
Texas,,4144,1.02,302,0,39,342
Texas,,4171,1,277,0,40,318
Texas,0,4168,1.03,310,0,34,344
Texas,,4251,1.06,333,,23,361
Texas,44,4255,1.09,347,14,17,392
Texas,130,4185,1.1,371,50,,457
Texas,205,4264,1.1,409,79,,539
Texas,237,4288,1.12,416,114,,542
Texas,243,4461,1.17,343,96,,497
Texas,236,4262,1.12,368,103,,508
Texas,228,4276,1.15,357,104,,483
Texas,252,4279,1.14,365,112,,506
Texas,171,4252,1.15,346,81,,440
Texas,217,4149,1.11,352,113,,460
Texas,181,4228,1.12,312,75,,419
Texas,226,4390,1.19,317,94,,449
Texas,304,4500,1.21,398,142,,560
Texas,441,4562,1.24,414,174,,683
Texas,807,5028,1.37,591,374,0,1024
Texas,1270,5752,1.59,934,674,,1534
Texas,1747,6249,1.72,1174,920,,2002
Texas,1883,6290,1.71,1185,931,,2137
Texas,1721,5931,1.58,1171,917,,1976
Texas,1482,5687,1.54,998,767,,1715
Texas,1365,5758,1.57,986,747,,1606
Texas,995,5003,1.34,773,551,,1217
Texas,844,5101,1.4,725,489,,1081
Texas,688,4898,1.33,581,365,0,904
Texas,562,4613,1.25,513,303,,773
Texas,513,4548,1.26,500,267,0,746
Texas,500,4470,1.21,499,277,,723
Texas,425,4508,1.19,470,241,,656
Texas,478,4569,1.2,500,281,,698
Texas,526,4365,1.14,500,282,,745
Texas,624,4517,1.17,563,354,,834
Texas,718,4564,1.16,585,389,,919
Texas,602,4176,1.06,537,344,,796
Texas,300,2721,0.69,261,163,,399
Texas,43,821,0.2,66,24,0,85
Texas,0,,0,0,0,0,0
Utah,0,362,0.98,18,0,,20
Utah,0,313,0.81,18,0,,21
Utah,0,411,1.12,14,0,,19
Utah,0,366,0.95,16,0,,22
Utah,0,396,1.02,31,0,,34
Utah,0,403,1,30,0,,33
Utah,0,405,1.09,22,0,,27
Utah,0,410,1.08,29,0,,36
Utah,,394,1.12,34,0,,42
Utah,11,408,1.14,33,,0,39
Utah,,382,1.01,16,,,22
Utah,,387,1.02,20,,0,22
Utah,16,404,1.14,19,,0,31
Utah,12,379,1.06,13,,,24
Utah,18,371,1.02,21,11,0,28
Utah,17,403,1.13,19,,0,31
Utah,15,375,1,24,,0,32
Utah,12,390,1.11,20,,0,27
Utah,12,405,1.1,19,,0,28
Utah,20,387,1.09,22,,0,35
Utah,15,400,1.15,24,,0,34
Utah,13,386,1.1,26,,0,34
Utah,21,438,1.25,25,,0,41
Utah,36,407,1.2,26,,0,53
Utah,30,434,1.2,19,,0,42
Utah,44,435,1.29,30,17,0,57
Utah,26,434,1.24,33,16,0,43
Utah,29,449,1.32,25,,0,45
Utah,31,448,1.31,25,,0,49
Utah,18,420,1.19,24,,0,36
Utah,11,375,1.1,19,,0,24
Utah,19,364,1.03,30,11,0,38
Utah,12,380,1.12,23,,0,30
Utah,,398,1.13,21,,0,26
Utah,23,439,1.23,19,,0,36
Utah,28,393,1.12,41,14,0,55
Utah,43,442,1.21,36,20,0,59
Utah,36,423,1.14,32,17,,52
Utah,37,434,1.22,36,18,0,55
Utah,45,457,1.24,39,24,0,60
Utah,66,446,1.26,48,32,0,82
Utah,61,435,1.24,37,19,0,79
Utah,13,328,0.84,20,,0,27
Utah,,69,0.18,,0,0,
Vermont,0,105,0.85,,0,,
Vermont,0,112,0.94,,0,,
Vermont,0,126,1.11,,0,,
Vermont,0,107,0.94,,0,,
Vermont,0,137,1.31,13,0,,14
Vermont,0,137,0.91,,0,,
Vermont,0,140,1.28,11,0,,13
Vermont,,135,1.14,10,,,13
Vermont,,106,0.93,14,,0,21
Vermont,12,148,1.25,13,,0,20
Vermont,,109,0.91,,,,12
Vermont,11,129,1.14,11,,0,20
Vermont,11,120,1.06,,,0,17
Vermont,,121,1.06,,0,0,
Vermont,,112,1.22,,,0,
Vermont,,103,1.05,,0,0,
Vermont,0,103,0.98,,0,0,
Vermont,,131,1.33,,0,0,
Vermont,0,128,1.13,,0,0,
Vermont,0,103,0.9,,0,0,
Vermont,,90,0.87,,0,0,
Vermont,0,124,1.27,,0,0,
Vermont,0,108,0.82,,0,0,
Vermont,,112,1.22,,0,0,
Vermont,0,87,0.9,,0,0,
Vermont,0,115,1.17,,0,0,
Vermont,,124,0.98,,0,0,
Vermont,0,102,1.03,0,0,0,0
Vermont,0,104,0.99,,0,0,
Vermont,0,117,1.27,,0,0,
Vermont,0,100,0.98,,0,0,
Vermont,0,124,1.18,,0,0,
Vermont,0,113,1.13,,0,0,
Vermont,0,113,1.15,,0,0,
Vermont,0,120,1.14,,0,0,
Vermont,0,126,1.03,0,0,0,0
Vermont,0,118,1.13,,0,0,
Vermont,0,100,0.88,,0,0,
Vermont,0,122,1.1,,0,0,
Vermont,0,117,1.04,,0,0,
Vermont,,124,0.95,,0,0,
Vermont,0,120,1.06,,0,0,
Vermont,,89,0.88,,0,0,
Vermont,0,21,0.2,,0,0,
Virginia,0,1479,1.05,73,0,,82
Virginia,0,1524,1.04,62,0,11,73
Virginia,0,1377,0.99,58,0,,67
Virginia,0,1444,1.03,71,0,,76
Virginia,0,1387,0.99,65,0,17,82
Virginia,0,1479,1.08,72,0,,80
Virginia,,1435,1.06,65,0,18,84
Virginia,,1454,1.04,73,,,84
Virginia,28,1517,1.12,102,,,133
Virginia,58,1467,1.08,108,27,,145
Virginia,102,1619,1.2,137,35,,207
Virginia,195,1601,1.23,142,72,,267
Virginia,221,1630,1.27,130,66,,286
Virginia,251,1668,1.3,163,101,,315
Virginia,234,1592,1.26,118,65,,289
Virginia,199,1565,1.26,107,61,0,245
Virginia,168,1462,1.17,102,58,0,212
Virginia,159,1442,1.13,99,49,,210
Virginia,104,1410,1.12,89,36,0,157
Virginia,109,1423,1.12,105,45,0,169
Virginia,86,1290,1.05,75,33,0,128
Virginia,79,1457,1.19,60,21,0,118
Virginia,56,1393,1.13,64,21,0,99
Virginia,67,1485,1.18,75,29,0,113
Virginia,97,1388,1.14,99,34,,163
Virginia,88,1461,1.21,84,37,0,135
Virginia,102,1452,1.19,88,38,,153
Virginia,88,1509,1.2,82,34,0,136
Virginia,102,1454,1.18,93,37,0,158
Virginia,124,1452,1.18,98,57,0,165
Virginia,109,1449,1.17,114,56,0,167
Virginia,120,1478,1.2,105,46,0,179
Virginia,115,1462,1.18,90,37,,169
Virginia,118,1453,1.13,96,46,0,168
Virginia,88,1474,1.17,74,36,0,126
Virginia,90,1502,1.19,95,41,0,144
Virginia,94,1456,1.16,96,40,0,150
Virginia,97,1420,1.08,93,39,,151
Virginia,117,1458,1.12,79,38,,158
Virginia,121,1502,1.13,116,56,0,181
Virginia,118,1533,1.19,103,38,0,183
Virginia,104,1311,1,84,43,,146
Virginia,56,816,0.62,55,32,,80
Virginia,,57,0.04,,0,0,
Washington,0,1198,1.02,71,0,,78
Washington,0,1176,0.99,72,0,,80
Washington,0,1179,0.97,85,0,11,96
Washington,0,1116,0.95,69,0,,74
Washington,,1134,0.96,81,,,92
Washington,21,1208,1.05,100,14,16,122
Washington,27,1164,1,90,16,,109
Washington,63,1224,1.03,120,26,17,173
Washington,120,1293,1.17,165,61,,231
Washington,158,1304,1.14,162,85,,243
Washington,147,1304,1.16,141,85,0,203
Washington,123,1251,1.16,129,70,,186
Washington,107,1230,1.19,108,52,,164
Washington,78,1155,1.06,97,41,,136
Washington,86,1211,1.12,88,44,,132
Washington,71,1138,1.04,94,36,,131
Washington,48,1115,1.1,70,24,0,94
Washington,36,1057,1.01,65,20,0,81
Washington,34,1054,0.99,47,17,0,64
Washington,43,1101,1.07,65,24,,85
Washington,31,1131,1.1,62,14,0,79
Washington,39,1084,1.04,55,18,0,76
Washington,44,1124,1.06,75,22,0,97
Washington,56,1157,1.08,85,30,0,111
Washington,52,1176,1.14,70,28,0,94
Washington,76,1175,1.15,84,36,,125
Washington,92,1227,1.19,87,38,,142
Washington,82,1225,1.18,86,35,0,133
Washington,75,1168,1.13,76,33,0,118
Washington,52,1193,1.19,81,26,0,107
Washington,46,1110,1.09,65,26,0,85
Washington,42,1227,1.17,61,16,0,87
Washington,31,1140,1.13,71,17,0,85
Washington,44,1171,1.14,94,28,,111
Washington,44,1160,1.14,76,27,0,93
Washington,46,1133,1.08,77,20,0,103
Washington,40,1153,1.06,72,28,,86
Washington,42,1135,1.07,75,23,0,94
Washington,65,1163,1.04,95,33,0,127
Washington,58,1001,0.9,72,28,0,102
Washington,29,653,0.6,42,14,0,57
Washington,57,1044,0.95,85,33,0,109
Washington,23,678,0.62,39,11,0,51
Washington,,85,0.08,,,0,
West Virginia,0,479,1.02,33,0,,35
West Virginia,0,481,1.03,34,0,,39
West Virginia,0,478,1.03,36,0,,43
West Virginia,0,465,1.07,26,0,,35
West Virginia,0,458,1.01,42,0,,44
West Virginia,0,483,1.07,29,0,,36
West Virginia,0,472,1.03,36,0,,44
West Virginia,0,470,0.99,37,0,,46
West Virginia,,489,1.03,25,0,,33
West Virginia,,453,0.99,44,0,,50
West Virginia,,496,1.07,47,,,56
West Virginia,11,375,0.86,25,,,36
West Virginia,16,435,1.04,28,,0,39
West Virginia,16,463,1.05,35,,0,44
West Virginia,,441,1.07,25,0,0,29
West Virginia,14,473,1.14,40,,0,48
West Virginia,,430,1.06,32,,0,36
West Virginia,,412,0.95,31,,0,35
West Virginia,,402,0.97,25,,0,28
West Virginia,,446,1.07,28,,0,28
West Virginia,,416,1.02,27,0,0,29
West Virginia,,454,1.09,33,,0,34
West Virginia,,417,1.01,29,,0,29
West Virginia,,428,1.06,16,0,0,17
West Virginia,,418,1.1,27,,0,30
West Virginia,,488,1.18,37,,0,43
West Virginia,17,449,1.17,29,,0,42
West Virginia,19,459,1.2,37,,0,50
West Virginia,14,402,0.97,26,,0,33
West Virginia,30,415,1.04,23,,0,45
West Virginia,27,381,0.96,23,10,0,40
West Virginia,26,413,0.99,42,11,0,57
West Virginia,21,432,1.02,25,,0,37
West Virginia,33,437,1.08,40,12,0,61
West Virginia,21,435,1.06,32,10,0,43
West Virginia,19,341,0.79,22,,0,36
West Virginia,30,287,0.65,33,18,0,45
West Virginia,17,219,0.51,18,,0,26
West Virginia,16,241,0.56,29,,0,37
West Virginia,12,116,0.26,10,,0,16
West Virginia,,31,0.07,,,0,
West Virginia,0,0,0,0,0,0,0
West Virginia,0,0,0,0,0,0,0
West Virginia,0,0,0,0,0,0,0
Wisconsin,0,1176,1.05,65,0,,68
Wisconsin,0,1055,0.95,53,0,,58
Wisconsin,0,1125,1.04,76,0,12,88
Wisconsin,0,1161,1.13,57,0,14,71
Wisconsin,0,1136,1.09,55,0,16,71
Wisconsin,0,1116,1.06,62,0,16,78
Wisconsin,0,1105,1.05,56,0,32,88
Wisconsin,,1115,1.04,75,,19,98
Wisconsin,19,1146,1.11,73,,14,105
Wisconsin,77,1221,1.16,92,12,,164
Wisconsin,76,1170,1.12,75,16,,143
Wisconsin,75,1150,1.14,54,12,,118
Wisconsin,47,1026,1.03,57,,0,101
Wisconsin,72,1162,1.16,62,,0,125
Wisconsin,57,1080,1.05,52,16,,95
Wisconsin,55,1022,1.05,52,10,,98
Wisconsin,65,1075,1.08,54,19,0,100
Wisconsin,88,1138,1.19,52,11,0,129
Wisconsin,46,1043,1.09,46,,0,84
Wisconsin,41,1025,1.1,39,,0,72
Wisconsin,37,1085,1.14,46,,0,79
Wisconsin,35,1034,1.04,40,,0,72
Wisconsin,23,1066,1.11,39,,0,59
Wisconsin,19,1047,1.07,40,,0,53
Wisconsin,35,1037,1.09,40,,0,69
Wisconsin,52,1101,1.12,44,11,0,85
Wisconsin,48,1057,1.13,49,,0,89
Wisconsin,60,1098,1.1,59,16,0,103
Wisconsin,46,1124,1.19,51,12,0,85
Wisconsin,38,1058,1.12,52,13,0,77
Wisconsin,42,1078,1.07,53,16,0,79
Wisconsin,40,1037,1.06,49,11,0,78
Wisconsin,47,1064,1.07,50,14,0,83
Wisconsin,37,1138,1.17,55,20,0,72
Wisconsin,60,1100,1.12,43,23,0,80
Wisconsin,84,1155,1.17,70,36,0,118
Wisconsin,120,1158,1.13,72,48,0,144
Wisconsin,192,1236,1.17,113,70,0,235
Wisconsin,271,1379,1.31,135,83,0,323
Wisconsin,338,1415,1.36,159,103,0,394
Wisconsin,403,1542,1.48,200,151,0,452
Wisconsin,431,1502,1.44,203,149,0,485
Wisconsin,196,817,0.77,86,65,0,217
Wisconsin,,67,0.07,,,0,
Wyoming,0,94,1.06,,0,,
Wyoming,0,97,1.06,13,0,,14
Wyoming,0,75,0.8,,0,,
Wyoming,0,101,1.17,,0,,
Wyoming,0,100,1.11,,0,0,
Wyoming,0,80,0.83,10,0,,11
Wyoming,0,85,0.91,,0,0,
Wyoming,0,117,1.26,,0,,
Wyoming,0,88,1.02,,0,,11
Wyoming,0,123,1.4,10,0,0,10
Wyoming,,102,1.23,,0,0,10
Wyoming,,89,1.04,,,0,
Wyoming,,98,1.24,10,,0,11
Wyoming,0,68,0.78,,0,0,
Wyoming,0,83,0.87,,0,0,
Wyoming,,101,1.15,,0,0,
Wyoming,,96,1.09,,,0,
Wyoming,,84,1.1,,0,0,
Wyoming,,105,1.32,,0,0,
Wyoming,,96,1.23,,,0,
Wyoming,,93,1.13,,,0,
Wyoming,0,89,1.1,,0,0,
Wyoming,0,102,1.16,,0,0,
Wyoming,,104,1.26,,0,0,
Wyoming,,101,1.22,,0,0,
Wyoming,,95,1.12,,,0,
Wyoming,,90,1.08,,0,0,
Wyoming,,106,1.24,,,0,11
Wyoming,,113,1.41,,0,0,
Wyoming,,100,1.22,,,0,
Wyoming,0,89,1.12,,0,0,
Wyoming,,107,1.13,,,0,
Wyoming,,121,1.34,,,0,
Wyoming,,94,1.14,10,,0,11
Wyoming,,112,1.23,,,0,
Wyoming,,119,1.54,,,0,10
Wyoming,,101,1.15,,,0,
Wyoming,12,106,1.15,,,0,13
Wyoming,22,131,1.44,13,,0,28
Wyoming,27,104,1.19,12,,0,30
Wyoming,39,129,1.58,26,17,0,48
Wyoming,23,85,0.86,,,0,24
Wyoming,,38,0.43,,,0,
Wyoming,0,0,0,0,0,0,0
Puerto Rico,0,583,0.95,76,0,,81
Puerto Rico,0,601,0.99,90,0,,95
Puerto Rico,0,616,1.02,83,0,,89
Puerto Rico,0,611,1.06,86,0,,91
Puerto Rico,0,616,1,83,0,,91
Puerto Rico,0,613,1.04,94,0,,99
Puerto Rico,0,594,1.03,69,0,,73
Puerto Rico,,627,1.09,87,,,91
Puerto Rico,11,638,1.18,87,,,92
Puerto Rico,18,579,1.06,87,10,,97
Puerto Rico,22,593,1.1,86,11,0,97
Puerto Rico,20,557,1.06,72,10,,84
Puerto Rico,18,541,1,70,,,84
Puerto Rico,14,539,1,63,,,75
Puerto Rico,10,562,1.03,64,,,70
Puerto Rico,,538,0.95,46,,,50
Puerto Rico,,550,0.97,60,,0,63
Puerto Rico,,556,1.04,56,,,59
Puerto Rico,,572,1.05,55,,0,56
Puerto Rico,,550,0.95,53,,,56
Puerto Rico,,583,1.07,50,,0,52
Puerto Rico,,528,0.95,41,0,,44
Puerto Rico,,529,0.94,45,,0,47
Puerto Rico,10,573,1.03,60,,,65
Puerto Rico,13,585,1.07,66,,,75
Puerto Rico,26,603,1.14,66,15,0,77
Puerto Rico,36,629,1.17,73,17,0,92
Puerto Rico,40,644,1.23,80,23,0,97
Puerto Rico,66,648,1.18,115,46,0,135
Puerto Rico,47,682,1.32,87,33,,102
Puerto Rico,27,594,1.11,86,19,,95
Puerto Rico,44,616,1.17,89,28,,106
Puerto Rico,68,613,1.09,94,46,0,116
Puerto Rico,45,584,0.99,84,28,,103
Puerto Rico,45,590,0.88,85,31,0,99
Puerto Rico,47,558,0.92,104,37,,114
Puerto Rico,40,547,0.98,77,30,,88
Puerto Rico,38,483,0.83,62,21,0,79
Puerto Rico,36,317,0.54,49,23,0,62
Puerto Rico,26,232,0.42,33,16,0,43
Puerto Rico,44,244,0.43,50,32,0,62
Puerto Rico,51,122,0.21,45,35,0,61
Puerto Rico,44,48,0.08,37,35,0,46
Puerto Rico,,,0,,,0,
